X,S,T,Y,ips direct,ips logistic,ips XGB,ips NN
0.4967141530112327,0,0,-1,2.10154545516256,1.7962678735027648,2.8893433,2.1434295
-0.13826430117118466,0,0,-1,1.5837606061496052,2.4188458782413376,2.895722,1.8003677
0.6476885381006925,1,0,-1,2.281060868399463,1.6940809990613057,2.2197983,2.2353709
1.5230298564080254,1,1,-1,1.3252927098142306,1.3130172395669069,1.3900622,1.295515
-0.23415337472333597,0,0,1,2.1803920455354975,2.5481762403630297,1.6217761,1.7317474
-0.23413695694918055,1,1,1,2.8853942626785867,2.548153117196959,1.6217761,2.3665707
1.5792128155073915,0,1,-1,1.3075207188881355,1.2974203773220556,1.4925514,1.2766349
0.7674347291529088,1,1,-1,1.692508525951641,1.6224424189797892,1.8379242,1.7181094
-0.4694743859349521,1,1,-1,2.0719446039943126,2.9177600296762822,2.189721,2.7026663
0.5425600435859647,1,0,-1,2.15322232248225,1.763740406999383,1.8848752,2.170601
-0.46341769281246226,1,0,-1,1.4217183128960362,2.9072222341542835,2.189721,1.5906335
-0.46572975357025687,1,0,-1,1.420744400839717,2.911238044833838,2.189721,1.5893644
0.24196227156603412,0,1,1,2.171210381807659,2.0039453538795824,1.6882453,1.9964755
-1.913280244657798,1,0,-1,1.0989361838118399,8.13235509970561,5.850534,1.1235557
-1.7249178325130328,0,0,1,1.2658248003474117,7.009137512501623,15.281379,1.144098
-0.5622875292409727,1,1,-1,2.1761983841343198,3.0867198970060135,2.159627,2.8562543
-1.0128311203344238,1,0,-1,1.243453061651078,4.143917357156527,4.486411,1.2782501
0.3142473325952739,1,1,-1,2.089536817008441,1.9400494446661896,1.3777921,1.9602515
-0.9080240755212111,0,1,-1,2.6620039540488847,3.8580018878308984,2.947037,4.1070333
-1.4123037013352917,1,0,-1,1.1632775604754617,5.521684414190877,26.009672,1.1860002
1.465648768921554,1,1,-1,1.3445042785811356,1.3297912791256965,1.1352847,1.3161283
-0.22577630048653566,1,0,-1,1.5348460660555079,2.536422534599586,1.7010727,1.7375001
0.06752820468792384,0,0,-1,1.7171488955395342,2.1765974062462754,2.6020813,1.9122655
-1.4247481862134568,0,0,1,1.3588868266791334,5.573166214664204,26.009672,1.1841199
-0.5443827245251827,0,1,-1,2.155326195590375,3.0530053464334928,1.5599921,2.8255837
0.11092258970986608,0,1,-1,1.599941823254302,2.131053207440227,1.9988929,2.0693765
-1.1509935774223028,1,0,-1,1.2120371937625158,4.564989433346582,11.020867,1.2418902
0.37569801834567196,0,0,-1,1.9759909338948711,1.888938906059282,4.365299,2.0746975
-0.600638689918805,1,1,-1,3.7200185222047093,3.1608094057071034,2.2764769,2.9373271
-0.2916937497932768,0,1,1,1.8973527398830532,2.6313766488353796,2.0990205,2.4421105
-0.6017066122293969,0,0,1,1.8173346887712445,3.162909713623998,2.576517,1.5153286
1.8522781845089378,1,1,-1,1.2340365019597241,1.2319980289546568,1.0793302,1.2007014
-0.013497224737933914,1,0,-1,1.6613333697513044,2.2666030478762034,3.9327095,1.8710688
-1.0577109289559,0,1,1,5.296114153751776,4.274936277139998,4.486411,4.7611456
0.822544912103189,1,0,-1,2.525839746736757,1.5920051599640614,1.5052707,2.4857113
-1.2208436499710222,1,0,-1,1.1977318122587983,4.798880000133385,4.565861,1.2253572
0.2088635950047554,0,1,-1,1.5439686866953137,2.034634974278282,1.4456024,2.0135152
-1.9596701238797756,1,0,1,1.2102054015072292,8.439800833009535,14.239988,1.1189632
-1.3281860488984305,1,0,-1,1.1776062870670319,5.188571061177726,15.911752,1.2021254
0.19686123586912352,1,0,-1,1.8161649791434378,2.0459940455622183,4.4160414,1.9806174
0.7384665799954104,0,1,1,1.7128626028622547,1.6390639464255918,1.8335195,1.7429749
0.1713682811899705,1,1,-1,2.2568790688443476,2.0705361070077677,1.5355718,2.0331707
-0.11564828238824053,0,0,-1,1.5971133710344596,2.3899519106419476,2.895722,1.8174685
-0.3011036955892888,0,0,-1,1.4960375271268596,2.645402120051844,2.0990205,1.6873552
-1.4785219903674274,0,0,1,1.3400978222111632,5.80244811160706,4.4781914,1.1762105
-0.7198442083947086,0,0,-1,1.326330630235796,3.4083179291844776,1.9507488,1.4297754
-0.4606387709597875,1,1,-1,3.3646706943511826,2.9024066979804832,2.189721,2.6887245
1.0571222262189157,1,1,-1,1.5183408579386115,1.478239515319269,1.4991727,1.5109179
0.3436182895684614,1,1,-1,2.058001456862169,1.9152640728219805,1.1275995,1.9459119
-1.763040155362734,0,0,1,1.2558816732143774,7.221198155943664,15.281379,1.1396817
0.324083969394795,0,1,-1,1.4847684283467344,1.9316747023745278,1.3777921,1.955425
-0.38508228041631654,0,0,-1,1.4560821736106242,2.776034786644633,4.011204,1.63546
-0.6769220003059587,1,1,-1,3.9356297630754953,3.316090482966169,3.4399948,3.1782763
0.6116762888408679,0,1,-1,1.8092266108562862,1.7171968454150799,1.3604457,1.8245453
1.030999522495951,1,1,-1,1.5320597294736622,1.4897408999401314,1.2878997,1.5268447
0.9312801191161986,1,1,-1,1.5878519672739955,1.536247017342243,1.5761425,1.5923433
-0.8392175232226385,0,0,1,1.644540561839909,3.684586929680264,9.075983,1.3577455
-0.3092123758512146,1,1,-1,3.0323898687424875,2.6575847463905333,2.0990205,2.4659214
0.33126343140356396,0,1,-1,1.4813005156022911,1.925609370584739,1.1467739,1.9519176
0.9755451271223592,1,1,-1,1.5623982067135918,1.5150816294204468,1.7856215,1.5623198
-0.47917423784528995,1,0,1,1.9238789357452593,2.934757833689455,3.6221404,1.582037
-0.18565897666381712,0,0,-1,1.556738862985076,2.4813598300658484,2.9184585,1.7656825
-1.1063349740060282,0,0,1,1.4934493922466752,4.4230552670842656,2.977057,1.2530907
-1.1962066240806708,1,0,-1,1.2026638418379776,4.714681986868255,2.2166824,1.2310554
0.812525822394198,1,0,-1,2.5106285498499377,1.5974257974847659,1.8379242,2.4683218
1.356240028570823,0,1,-1,1.3843352622342906,1.3643056262537967,1.1528785,1.3595002
-0.07201012158033385,1,1,-1,2.6032136106998056,2.3358528136945997,1.9449733,2.1859152
1.0035328978920242,1,1,-1,1.5468761615518303,1.502132425513683,1.2878997,1.5441267
0.36163602504763415,1,0,-1,1.9623626012556907,1.9003838990641253,4.365299,2.066984
-0.6451197546051243,0,0,-1,1.3516497051848464,3.2500421456860877,3.0255823,1.4820713
0.36139560550841393,1,0,-1,1.9621312582933323,1.9005808512666735,4.365299,2.066852
1.5380365664659692,1,1,-1,1.320447582074775,1.3087729162540505,1.4204013,1.2903494
-0.03582603910995153,0,0,-1,1.646730221915231,2.2925950966204587,3.6156247,1.8600465
1.564643655814006,0,0,-1,4.2047806747443985,1.301388657806101,1.662383,4.5535135
-2.6197451040897444,1,0,1,1.1086367963711852,14.562908111766006,6.6323166,1.0693977
0.8219025043752238,0,1,1,1.2946690241972454,1.592351241976049,1.5052707,1.6735867
0.08704706823817134,1,0,-1,1.7312843320239546,2.15588893229147,1.6305995,1.9224776
-0.29900735046586785,0,0,1,2.1062685101446137,2.642267126580541,2.0990205,1.6887035
0.0917607765355023,0,1,1,1.6115486451205867,2.150942821625362,1.6305995,2.0811272
-1.9875689146008928,1,0,-1,1.0918527144574517,8.631043825440734,14.239988,1.1162839
-0.21967188783751193,0,0,-1,1.5381209726674603,2.5279137982171447,1.7010727,1.7417204
0.3571125715117464,1,1,-1,2.043820383797942,1.9040967509174223,1.1275995,1.9393958
1.477894044741516,0,0,-1,3.938484712995844,1.3261377982791902,2.2148356,4.2091203
-0.5182702182736474,1,0,-1,1.3992089885966499,3.0048098707426507,4.361882,1.561243
-0.8084936028931876,0,0,1,1.6646507243195756,3.6105898313050346,3.2210748,1.375041
-0.5017570435845365,0,0,1,1.9032489751458992,2.9749174152669076,3.6221404,1.5699338
0.9154021177020741,1,1,-1,1.5972603773531857,1.5440492162432018,1.3099895,1.6034992
0.32875110965968446,0,1,-1,2.0738484631200254,1.9277273184327415,1.1467739,1.9531436
-0.5297602037670388,1,1,-1,3.5339014847288004,3.0258757856975125,4.0156107,2.800912
0.5132674331133561,0,1,1,1.8929118339907152,1.7843666070413915,1.9963673,1.8671776
0.09707754934804039,1,1,-1,2.3538094733293176,2.145389308156507,1.6305995,2.0778537
0.9686449905328892,0,0,-1,2.7658726554196487,1.51832512588181,1.7856215,2.763987
-0.7020530938773524,1,0,-1,1.3321883691924916,3.369652485199984,3.0558891,1.4416873
-0.3276621465977682,0,0,1,2.075018481368165,2.685641174157167,1.882139,1.6705006
-0.39210815313215763,0,0,-1,1.4528890287607379,2.787423018235454,4.570331,1.6313002
-1.4635149481321186,0,0,-1,1.155126409677734,5.737328405675657,4.4781914,1.1783831
0.29612027706457605,0,1,1,2.109467003455749,1.9556801902050187,2.2306674,1.9692099
0.26105527217988933,1,0,-1,1.870276129187689,1.9866577889709214,1.6306543,2.0134003
0.0051134566424609,0,1,1,1.666901142201552,2.2453389298556976,1.9803128,2.1358943
-0.23458713337514742,1,1,1,2.8862432138038523,2.5487872810162084,1.6217761,2.367146
-1.4153707420504142,0,0,-1,1.1627775487197807,5.5343184377026855,26.009672,1.1855351
-0.42064532276535904,0,0,-1,1.4401475256200413,2.8344344777681867,3.146398,1.6146822
-0.3427145165267695,1,0,-1,1.475820538153519,2.7088826028988757,2.0483885,1.6611322
-0.8022772692216189,1,0,-1,1.3005090920010116,3.595868015232397,3.2210748,1.3786409
-0.16128571166600914,0,0,-1,1.570475125609276,2.4488747325649936,2.9184585,1.7833276
0.4040508568145384,0,1,-1,1.9959573368384222,1.8663031320951748,1.2713445,1.9170773
1.8861859012105302,0,1,1,1.2262338904856374,1.2249508132906541,1.1732891,1.1928617
0.17457781283183896,1,0,-1,1.7981791666128004,2.0674148827829066,3.744066,1.9694872
0.257550390722764,1,1,-1,2.1530949742041954,1.9898087883028601,1.784292,1.9885501
-0.0744459157661671,0,1,1,1.7221271235177467,2.338816255053226,1.9449733,2.1874027
-1.9187712152990415,1,1,1,11.163178272204037,8.168072769746995,5.850534,9.129881
-0.026513875449216878,1,0,-1,1.652780807885764,2.281690975164417,3.9327095,1.8646263
0.06023020994102644,1,0,1,2.584438696551651,2.1844351271261173,2.6020813,1.9084762
2.463242112485286,1,1,-1,1.1270414189174331,1.1330749328670273,1.0287285,1.0978928
-0.19236096478112252,0,0,1,2.230768825157769,2.490419340156739,2.9184585,1.7609001
0.30154734233361247,0,0,-1,1.9062385950486112,1.950973432566579,2.3228502,2.0346408
-0.03471176970524331,0,1,-1,2.5445178179625216,2.291285467044151,3.6156247,2.1619892
-1.168678037619532,0,0,-1,1.208320392129938,4.622807573135118,2.2166824,1.2375932
1.1428228145150205,1,1,-1,1.4757690105366872,1.4423700228112288,1.3022034,1.4619709
0.7519330326867741,1,1,-1,1.3160252913479245,1.6312825802449047,1.6379585,1.7313104
0.7910319470430469,0,1,-1,1.6763585480384855,1.609222687519245,1.8379242,1.6984702
-0.9093874547947389,0,0,-1,1.2699853839966573,3.861548914258222,2.947037,1.3211769
1.4027943109360992,0,1,-1,1.3668529065222557,1.3491986625623267,1.1187526,1.3403616
-1.4018510627922809,1,0,-1,1.1649931926181598,5.478890816752626,26.009672,1.1875945
0.5868570938002703,0,0,-1,2.2054550057465114,1.7335745905604816,2.1152725,2.1974678
2.1904556258099785,1,1,-1,1.1668841156319083,1.1705581576542952,1.0287285,1.1348853
-0.9905363251306883,0,0,1,1.5540300647914644,4.080793482063647,5.3195477,1.2846093
-0.5662977296027719,0,1,-1,2.1809246456138096,3.094346629934959,2.159627,2.8632793
0.09965136508764122,1,0,-1,1.7405599906029028,2.1427105217071167,1.9988929,1.9291325
-0.5034756541161992,1,0,1,1.9016979751087544,2.9780075813750955,3.6221404,1.569023
-1.5506634310661327,0,0,-1,1.1421797138509053,6.128204255243377,18.875525,1.1661308
0.06856297480602733,1,0,1,2.597696612487577,2.175490315470837,2.6020813,1.9128041
-1.0623037137261049,1,0,-1,1.2317018846132262,4.28864832815196,9.0855255,1.2646416
0.4735924306351816,1,1,-1,1.9290502691162728,1.8131945180057716,1.8711039,1.8849826
-0.9194242342338034,0,1,1,2.681059474508205,3.887796880809383,3.2235813,4.1619434
1.5499344050175399,1,1,1,1.3166575398435985,1.3054488101609087,1.4204013,1.2863181
-0.7832532923362371,0,0,1,1.681640223173545,3.5513283369246667,4.9193935,1.3898735
-0.3220615162056756,1,1,-1,3.058672826518046,2.677074505041923,1.882139,2.483635
0.8135172173696698,0,0,1,4.365300354032314,1.5968872168677848,1.5052707,2.4700334
-1.2308643164339552,0,0,1,1.4356725645842001,4.833669573557455,4.565861,1.2230798
0.22745993460412942,0,0,-1,1.8415245721212246,2.0172784795788914,1.7707682,1.9961092
1.307142754282428,1,1,-1,1.4036759792892977,1.3809464277834944,1.3123789,1.3808513
-1.6074832345612275,0,1,1,4.345055330039169,6.400257451908572,4.7949114,7.3051977
0.1846338585323042,1,0,-1,1.8062461859663665,2.0576943217276535,3.744066,1.974494
0.2598827942484235,1,1,-1,2.150408625463414,1.9877107655998834,1.6306543,1.9873694
0.78182287177731,0,1,1,1.68261595304823,1.6143480956216494,1.8379242,1.70607
-1.236950710878082,1,0,1,1.4330289427312346,4.85495554826802,4.565861,1.2217079
-1.3204566130842763,0,0,1,1.3983371136144143,5.159221371205281,15.911752,1.2037151
0.5219415656168976,1,0,-1,2.1296880872251025,1.7782013868312705,1.6770558,2.1583018
0.29698467323318606,0,1,1,2.108508398795548,1.9549289643342613,2.3228502,1.9687809
0.25049285034587665,1,0,-1,1.8611322811997262,1.996184306421512,1.784292,2.0079317
0.34644820949697586,1,1,-1,2.0550116299357204,1.9129107716719194,1.1275995,1.9445417
-0.6800247215784908,1,0,-1,1.3395871304112688,3.32263725515234,3.4399948,1.456895
0.23225369716100355,1,1,-1,2.182636541053054,2.012851723486911,1.7707682,2.0014439
0.29307247329868125,0,0,-1,1.8985907944695324,1.9583336815457437,2.2306674,2.0301585
-0.7143514180263678,1,1,-1,2.3693708736120755,3.3963135949769447,1.9507488,3.3072393
1.8657745111447566,1,1,-1,1.2308990882878232,1.229166947841081,1.0664968,1.1975435
0.4738329209117875,1,1,-1,1.9288268684239958,1.813016624406086,1.8711039,1.8848735
-1.1913034972026486,0,1,1,3.2062704200483867,4.698149339586051,2.2166824,5.306511
0.6565536086338297,1,0,-1,2.2924680513890134,1.6885058289018953,3.9562664,2.2409935
-0.9746816702273214,1,0,-1,1.2529200949877666,4.036676380359582,5.0722413,1.2905148
0.787084603742452,1,0,-1,2.4726810803335453,1.6114143660419165,1.8379242,2.4250746
1.158595579007404,0,1,1,1.4683236889857605,1.4360677494067606,1.7440809,1.4534874
-0.8206823183517105,1,0,-1,1.2950287946709478,3.639698511500249,3.3517518,1.3680817
0.9633761292443218,0,1,-1,1.2557957180955464,1.5208155663009482,1.7856215,1.5704187
0.4127809269364983,1,1,-1,1.987300402253978,1.8594501432294839,2.5815601,1.9129851
0.82206015999449,0,1,1,1.6556945916238455,1.5922662900009634,1.5052707,1.6734618
1.8967929826539474,1,0,-1,5.467339238129233,1.2227905552687472,1.1732891,6.250099
-0.2453881160028705,1,1,-1,2.9067269169110763,2.564080762263901,1.7548941,2.3810194
-0.7537361643574896,0,0,-1,1.315455969571663,3.4837296361850068,3.036885,1.4079648
-0.8895144296255233,1,0,-1,1.2754044788837113,3.810279178001056,10.6825285,1.3311365
-0.8158102849654383,0,0,-1,1.2964696920082843,3.628024547492726,3.2210748,1.3708478
-0.07710170941410412,1,1,-1,2.6113973299980513,2.3420548446774268,1.9449733,2.1890264
0.3411519748166435,1,1,-1,2.060614041866843,1.9173199543571084,1.1467739,1.9471079
0.27669079933001905,1,1,-1,2.1312341452328227,1.972722696512301,1.6840609,1.9789045
0.8271832490360238,1,1,-1,1.2931170537075045,1.589512358537399,1.5376499,1.6694195
0.01300189187790702,1,0,-1,1.6790923796852915,2.2364338690087835,1.9803128,1.884333
1.4535340771573169,0,1,1,1.3487032248424509,1.3334460724235557,1.1352847,1.3206608
-0.2646568332379561,0,1,1,1.87341613286768,2.5917399791448164,1.8223598,2.4061198
2.720169166589619,1,1,-1,1.09825696240312,1.1053382206973923,1.0287285,1.072382
0.6256673477650062,1,0,-1,2.253158729882488,1.7081260814914643,1.3604457,2.221513
-0.8571575564162826,1,0,-1,1.2844614440431716,3.7287607944832137,9.075983,1.3480178
-1.0708924980611123,1,0,-1,1.2297203686836504,4.314444947242791,9.0855255,1.2623478
0.4824724152431853,0,1,1,1.4137586627941636,1.806651629960214,2.8893433,1.880966
-0.22346278532585084,1,0,-1,1.5360848729847218,2.5331922414466588,1.7010727,1.7390968
0.7140004940920919,0,1,1,1.3282431960083865,1.6534475214568145,1.8335195,1.7646456
0.47323762457354485,1,1,-1,1.9293799602680712,1.8134570434681931,1.8711039,1.8851434
-0.07282891265687277,0,0,-1,1.6232366899662607,2.336848240511318,1.9449733,1.8428752
-0.846793718068405,0,0,1,1.6396758482354867,3.703153940325159,9.075983,1.3536048
-1.5148472246858646,0,0,1,1.327965380086347,5.963803201682523,3.9703524,1.1710609
-0.4465149520670211,0,0,1,1.9545502879633874,2.8781191179998453,7.789879,1.5999968
0.8563987943234723,1,0,-1,2.5783796681247786,1.574050413687109,1.6611404,2.546007
0.21409374413020396,0,1,-1,1.5411310763753276,2.029723811789999,1.4456024,2.0108035
-1.245738778711988,0,0,1,1.4292401275749642,4.885898793083975,17.892761,1.219742
0.173180925851182,0,0,-1,1.7970649789050543,2.068772215663077,1.5355718,1.9687935
0.3853173797288368,0,1,1,2.0147909394272387,1.8811936615544753,1.2713445,1.9259206
-0.883857436201133,0,0,1,1.6164010721270532,3.7958535754110665,10.6825285,1.3340276
0.1537251059455279,0,1,1,2.279251183756336,2.0878575452611683,1.5355718,2.0435882
0.058208718445999896,1,1,-1,2.4074665026337376,2.186615337813422,1.8539577,2.102014
-1.142970297830623,1,0,-1,1.2137452704776046,4.539063044521068,11.020867,1.2438653
0.3577873603482833,1,0,-1,1.9586659085127123,1.9035419139768202,4.365299,2.064882
0.5607845263682344,0,0,1,3.6137462221081567,1.7511823736906555,1.8848752,2.1815805
1.083051243175277,0,1,-1,1.2269441690268585,1.4670905324587078,1.4991727,1.4955854
1.053802052034903,1,1,-1,1.5200647000180707,1.4796862145395169,1.4991727,1.512915
-1.377669367957091,1,0,1,1.37618683103278,5.381435661623181,15.911752,1.1922379
-0.9378250399151228,0,0,1,1.584017085893385,3.9365451769693127,4.484585,1.3074436
0.5150352672086598,0,0,-1,2.121913003614239,1.7831061522173752,1.9963673,2.154211
0.5137859509122088,0,0,1,3.493745883460978,1.7839966969293253,1.9963673,2.153473
0.5150476863060478,0,1,1,1.8913236389615522,1.7830973046458638,1.6770558,1.8663872
3.8527314906547208,0,1,-1,1.031659041788969,1.0375939244259356,1.0287285,1.0191265
0.570890510693167,1,1,1,1.8429138584735014,1.7443078122279716,2.1152725,1.8419539
1.135565640180599,1,0,-1,3.086661958602561,1.4453002651054265,1.3022034,3.1462574
0.9540017634932023,1,1,-1,1.5746456072049502,1.5252761830337631,1.5761425,1.5767369
0.651391251305798,1,1,-1,1.7777180288312717,1.6917469238700822,2.2197983,1.8079398
-0.31526924464034556,1,0,-1,1.4890604171719626,2.6667435097577368,1.9654045,1.6783134
0.7589692204932672,1,1,-1,1.6983958473004386,1.6272545951099282,1.7600356,1.7252886
-0.7728252145375718,1,0,-1,1.3094913255545764,3.527238820842496,2.712838,1.3961713
-0.23681860674000887,0,1,1,1.849437092275687,2.5519345962390663,1.6217761,2.3700008
-0.48536354782910346,0,1,1,2.0891129393794716,2.945682494628918,3.6221404,2.7280278
0.08187413938632256,0,1,1,1.6176247915083026,2.1613413707643487,1.6305995,2.0872402
2.3146585666735087,1,1,-1,1.1473921485874843,1.1523353478115599,1.0287285,1.1165679
-1.8672651925917483,1,0,-1,1.1035951056957474,7.839946378544513,5.850534,1.1282864
0.6862601903745136,0,0,1,3.963171627213713,1.670148015854364,4.0943885,2.2658515
-1.6127158711896519,1,0,1,1.297388512779992,6.426025706887847,4.7949114,1.1579232
-0.4719318657894335,0,1,-1,2.0745821257646786,2.922052286040952,2.189721,2.7065644
1.0889505969673663,1,1,-1,1.5021027007901648,1.464590437552286,1.4991727,1.4921616
0.06428001909546277,0,1,-1,2.398947238019408,2.1800793873953728,2.6020813,2.0982046
-1.0777447779293061,0,0,1,1.5077608154909468,4.335170977049568,3.8724163,1.2605321
-0.7153037092599682,0,1,-1,2.37067553460058,3.3983905038420392,1.9507488,3.3106177
0.6795977489346758,0,0,-1,2.322597688991629,1.674222163995673,5.8557634,2.2560546
-0.7303666317171367,0,0,-1,1.3229148438929794,3.4314825814379875,3.036885,1.422882
0.21645858958197486,0,1,1,1.5398528969546286,2.0275108582219694,1.4456024,2.0095797
0.04557183990381377,1,0,-1,1.7015745168269139,2.2003356629373787,2.3544383,1.9009131
-0.6516003476058169,1,0,1,1.7775554278692078,3.26334675470774,3.4399948,1.4772943
2.1439440893253257,0,1,-1,1.1748294958692003,1.1779298916583816,1.0287285,1.1424628
0.6339190223180112,1,0,-1,2.2635421693489306,1.7028301851618568,2.464003,2.2266877
-2.025142586657607,1,0,-1,1.0884655041422013,8.89639875462241,14.239988,1.1127706
0.18645431476942764,0,0,-1,1.8077152586498142,2.055944085348777,3.744066,1.9754032
-0.661786464768388,0,0,1,1.7696753589673104,3.28441796192139,3.4399948,1.4698814
0.852433334796224,0,1,-1,1.285808482295515,1.576125055000127,1.5376499,1.6498487
-0.7925207384327007,0,0,1,1.675352340458293,3.5729293604030743,4.9193935,1.3843606
-0.11473644146689901,1,0,-1,1.597658091752427,2.388799374373793,2.895722,1.8181654
0.5049872789804571,0,0,1,3.4719004777631786,1.7902973640255646,2.8893433,2.1482854
0.8657551941701215,1,0,-1,2.5932169228129625,1.5691849116679983,1.6611404,2.5630991
-1.2002964070557762,1,0,-1,1.2018366833103344,4.728528676036003,2.1427362,1.2300997
-0.3345012358409484,0,1,1,1.936600204247797,2.6961615440415674,1.882139,2.500988
-0.4749453111609562,1,0,-1,1.4168848180018072,2.9273287116511604,2.189721,1.5843319
-0.6533292325737119,0,0,1,1.776212285382246,3.266909416859468,3.4399948,1.4760278
1.7654542402810969,1,1,-1,1.2552646981409292,1.2510659947207707,1.1084548,1.2222594
0.40498171096095553,0,1,-1,1.9950306771811752,1.8655698290067033,1.2713445,1.9166402
-1.2608839543350452,1,0,-1,1.1899709801888636,4.9398097428321215,11.116565,1.2163945
0.9178619470547761,1,1,-1,1.5957930242048226,1.5428331053074649,1.5761425,1.6017573
2.1221561970126332,0,1,-1,1.1786804619751616,1.1814918697201913,1.0287285,1.1461574
1.0324652605511468,1,1,-1,1.5312804405367788,1.489088296911301,1.3489093,1.525938
-1.5193699659540134,1,1,-1,7.816662386710086,5.984268869688903,5.5284104,6.8674984
-0.48423407286625136,1,0,-1,1.4130304033519838,2.943684283649104,3.6221404,1.5793029
1.2669111491866227,1,0,-1,3.3795494170354066,1.3951474301483069,1.3350255,3.5044525
-0.7076694656187807,1,1,-1,2.360251304799875,3.3817910220587666,1.9507488,3.283669
0.44381942814622843,0,0,-1,2.0447936775228865,1.8355213848102596,2.5815601,2.1128628
0.7746340534293368,0,1,1,1.3089320116151542,1.6183790584654156,1.8379242,1.7120597
-0.926930471578083,1,0,-1,1.2652903289991466,3.9075842692504885,4.484585,1.3126341
-0.05952535606180008,0,1,-1,2.5833222922871504,2.3207662311339554,2.986964,2.178321
-3.2412673400690726,1,0,-1,1.026219094391982,24.873295874223405,6.6323166,1.0402398
-1.0243876413342898,1,1,-1,5.1553125218793925,4.177144963401212,4.486411,4.6362333
-0.2525681513931603,0,1,-1,1.862921245602529,2.5743306897088827,2.2445102,2.3903198
-1.2477831819648495,0,0,1,1.4283634840736377,4.8931327820670205,17.892761,1.219287
1.6324113039316352,1,1,-1,1.2915886205075495,1.283368994477285,1.8238055,1.2598708
-1.4301413779606327,0,0,-1,1.1603908904351787,5.595659068327303,26.009672,1.1833109
-0.44004448669698376,1,0,-1,1.4316913184810247,2.867096191190539,7.789879,1.6036359
0.13074057728609134,0,1,1,2.3089946799548757,2.110843996637704,1.9995271,2.0573578
1.4412732890661155,1,0,-1,3.8328217198706462,1.337186180834177,1.1512958,4.0739503
-1.4358621511794394,0,0,1,1.3549202540644483,5.619639059124289,26.009672,1.1824565
1.1631637521549596,1,0,-1,3.145051909145423,1.4342592837097188,1.7440809,3.2170026
0.010233061019587049,0,1,1,1.6634955971548642,2.2395522578984073,1.9803128,2.1325827
-0.9815086510479509,1,0,-1,1.2511992949680333,4.05559512900996,10.1094055,1.287483
0.46210347426327075,0,1,1,1.4222729072746647,1.821738542271873,2.5815601,1.8902063
0.19905969557347003,1,0,-1,1.8179612587628788,2.0439041270067406,4.4160414,1.9817221
-0.6002168771587947,1,1,1,3.718871425631573,3.1599803786289584,2.2764769,2.936072
0.06980208499001886,0,1,1,2.3912434491789605,2.1741659736650343,2.6020813,2.0947514
-0.3853135968617599,0,0,1,2.0147947782537345,2.7764085696407674,4.570331,1.6353226
0.11351734525124799,0,1,-1,1.5983871387692732,2.128386453993944,1.9988929,2.0677953
0.6621306745210463,1,0,-1,2.2996963685336316,1.6850214289687857,3.9562664,2.2445443
1.586016816145352,1,1,-1,1.3054354498512513,1.2955850754128,1.4925514,1.274432
-1.237815498826849,1,0,-1,1.1944042550988356,4.857989549250421,17.892761,1.2215137
2.1330333746562666,0,1,-1,1.1767474547386456,1.1797047967677508,1.0287285,1.1443012
-1.9520877995225019,0,0,1,1.2118053048711488,8.388658265047802,14.239988,1.1197021
-0.15178509503558324,1,1,-1,2.736349802430032,2.4364059792363673,2.791269,2.2653174
0.5883172064845762,0,1,1,1.8283519069575105,1.732600816702655,1.5923951,1.8344713
0.2809918677350327,1,1,-1,2.126379078264226,1.9689240237761276,1.6840609,1.9767504
-0.6226995198205939,0,1,-1,2.2494450838422226,3.204613984710176,2.3323364,3.0041301
-0.20812225035727533,1,0,-1,1.5443721044869259,2.5119438512152046,2.9184585,1.749772
-0.4930009346588331,0,0,1,1.9111926486414852,2.9592481956512784,3.6221404,1.5745963
-0.5893647569442118,0,0,-1,1.3718128075224536,3.1387607279827145,2.801152,1.5229478
0.849602097021025,1,1,-1,1.6378819162462839,1.5776108825109962,1.5376499,1.6520145
0.35701548596504734,1,1,1,2.0439217285900373,1.9041766063624654,1.1275995,1.9394424
-0.6929095952606542,1,0,-1,1.335239661572299,3.350023045078703,3.4399948,1.4479373
0.8995998754332507,0,1,1,1.6067733960892263,1.551926893689575,1.3099895,1.6148105
0.30729952087660933,0,0,-1,1.9114664626490308,1.9460100153958744,2.3228502,2.037694
0.8128621188389601,1,1,-1,1.661753519881412,1.5972430482017619,1.8379242,1.6807804
0.6296288419236122,1,1,-1,1.7948285548004421,1.7055786463774731,1.3604457,1.8169969
-0.8289950109220725,0,0,-1,1.2925864761866457,3.659736544819255,3.9779394,1.3634098
-0.5601810401969697,0,0,1,1.8519895306507095,3.0827248383123877,2.159627,1.5397763
0.7472936051232618,0,0,-1,2.4152321837968507,1.633952639484101,1.6379585,2.3599741
0.6103702654334648,1,0,-1,2.234134932875274,1.7180494805484403,1.7242627,2.2119787
-0.020901593964148132,0,0,1,2.4609667966208137,2.275163722553658,3.9327095,1.867398
0.117327383308782,0,1,1,2.326670760849873,2.124482087292516,1.9467844,2.0654774
1.277664895788425,0,1,-1,1.41575260473208,1.3913005186987806,1.3350255,1.394275
-0.5915713888358299,0,0,-1,1.3709932580781803,3.1430585056421148,2.801152,1.5216519
0.5470973811700377,0,1,-1,1.8632099129319275,1.760594349190119,1.8848752,1.8522788
-0.20219265243389398,1,1,-1,2.8261184569389246,2.5038098182537754,2.9184585,2.3263667
-0.21768120322722037,0,1,1,2.8546225592008607,2.5251492511774325,1.7010727,2.3457103
1.0987768519871903,1,0,-1,3.01129109561277,1.4604558283766678,1.4991727,3.05545
0.8254163489880298,0,1,1,1.2936354200596756,1.590460711172455,1.5052707,1.6708109
0.8135096360006385,1,0,-1,2.512115458071897,1.5968913336441815,1.8379242,2.4700205
1.305478807154329,1,1,-1,1.4043482339186917,1.3815235237557657,1.3123789,1.3815967
0.02100384163275905,1,0,-1,1.68454824244418,2.227465720775647,2.3544383,1.8883779
0.6819529712949639,1,1,-1,1.7543091578818415,1.6727790998926317,4.0943885,1.7939907
-0.31026675659345604,0,0,1,2.0938824444273982,2.6591754797150693,1.9654045,1.6814928
0.3241663524884421,0,0,-1,1.926970397566345,1.931604878813903,1.3777921,2.0466988
-0.13014305436768459,1,0,-1,1.5885207731890831,2.408401791772574,2.895722,1.806467
0.09699596499271819,1,1,-1,2.353919927508034,2.145474322458619,1.6305995,2.0779037
0.5951570254369136,1,1,-1,1.8227054622281105,1.7280564079594078,1.5923951,1.8315521
-0.8182206832334725,1,0,1,1.6582169549497618,3.633793677741579,3.2210748,1.3694768
2.0923872756854602,1,1,-1,1.1840795503979549,1.1864741730988564,1.0287285,1.1513606
-1.006017381499702,0,1,1,2.833116239058506,4.124489400159781,4.486411,4.5691557
-1.2141886127877322,0,1,-1,3.257343349561056,4.775949796621504,2.1427362,5.40757
1.1581108735000678,1,0,-1,3.1342405593619054,1.4362600778625192,1.7440809,3.203878
0.7916626939629359,1,1,-1,1.6759320714810964,1.6088732073988055,1.8379242,1.6979527
0.6241198170521551,0,1,-1,1.7992193685235272,1.7091237160374826,1.3604457,1.8193058
0.6283455092642799,1,1,-1,1.3575981141722275,1.7064028871329038,1.3604457,1.8175343
-0.012246772846914623,0,0,-1,1.6621608525700082,2.2651630018162954,3.9327095,1.87169
-0.8972543714858315,1,0,-1,1.2732810922739493,3.830137060147715,10.6825285,1.3272213
0.07580455819372633,0,1,1,2.382917560615178,2.167771712702904,1.6305995,2.09101
-0.6771617115121117,0,0,1,1.7579319208827784,3.3165956175234688,3.4399948,1.4589095
0.9751197334177512,1,0,-1,2.7773433215648766,1.5152810027325045,1.7856215,2.777459
-0.14705738150213865,0,0,1,2.287809378277852,2.430241298160798,2.791269,1.793816
-0.8254971967925115,1,1,-1,4.405859044080944,3.6512864727002587,3.3517518,3.736964
-0.32138584165299344,1,1,-1,3.05728230350028,2.676043947335309,1.9654045,2.4826982
0.4129314542756245,1,0,-1,2.0130154271036655,1.8593324579336536,2.5815601,2.0953927
-0.5637245528039749,0,1,-1,2.177889823955452,3.089449678110045,2.159627,2.8587384
-0.8222203955664315,0,0,1,1.6555895344431113,3.6433946838182028,3.3517518,1.3672128
0.2436872114919123,0,1,-1,1.5253517653656967,2.002371156434734,1.6882453,1.9955955
0.24496657110872277,1,1,-1,1.5246800812868262,2.0012051945421234,1.784292,1.9949431
-0.5069431753711298,1,1,-1,3.4767399902354175,2.9842571224684127,3.6221404,2.7630782
-0.4710383056183228,1,1,-1,3.389390483558054,2.920490475467978,2.189721,2.7051458
0.2320499373576363,1,0,-1,1.8453960504754947,2.013039491021214,1.7707682,1.9984541
-1.4480843414973241,1,1,-1,3.852182074483583,5.671291356866191,4.4781914,6.5357246
-1.4074637743765552,1,0,-1,1.1640697274108487,5.501818929753311,26.009672,1.1867368
-0.718444221252436,0,0,-1,1.3267878088696892,3.405252599446621,1.9507488,1.430701
-0.21344715171184725,1,1,-1,2.8467865923936015,2.519285869106827,2.9184585,2.3403945
0.3109075655980046,0,1,1,1.4911982005172455,1.9429099493281163,1.3777921,1.9618957
1.475356216949552,1,0,-1,3.9310367995831674,1.3268916407243334,2.2148356,4.199564
0.8576596232020194,1,1,-1,1.6327628173383688,1.573392342313746,1.6611404,1.6458699
-0.1599385299634271,1,0,-1,1.571244177170058,2.447100106825957,2.9184585,1.7843148
-0.01901620790268883,0,0,-1,1.6576935353486097,2.272978429384083,3.9327095,1.8683314
-1.0025293646378088,0,1,-1,2.8267334368389783,4.114590552673391,5.3195477,4.5565596
-0.018513135992389903,0,0,-1,1.6580244857307693,2.272395967376238,3.9327095,1.8685805
-0.2886586389201379,0,1,-1,2.9910430336166733,2.626878381837491,2.0990205,2.438025
0.3227185603380895,0,1,-1,1.485430787641989,1.9328327134390904,1.3777921,1.9560934
-0.827230943552323,1,0,-1,1.2931030739647902,3.65547152342283,3.9779394,1.3643962
0.5193465142411723,1,1,-1,1.8875002160098884,1.7800407461296508,1.6770558,1.8644813
1.5327389130025777,0,1,-1,1.1447511941238797,1.3102646302599201,1.3900622,1.2921624
-0.1087601484568576,0,0,-1,1.6012405659235815,2.3812691624713858,2.0444086,1.822749
0.40171172209894146,0,1,1,1.4485604956894766,1.8681485858046702,1.2713445,1.918177
0.6901439917111125,1,1,-1,1.7481558315838377,1.6677844015899277,1.2861112,1.7863849
-0.40122047188583626,1,0,-1,1.4487809052622669,2.8023020088428257,3.146398,1.6259457
0.22409248181041677,1,0,-1,1.8386955438328332,2.0203996870613774,1.7707682,1.9943924
0.01259240078179486,0,1,-1,1.6619320308278471,2.2368945625445074,1.9803128,2.1310596
0.09767609854883172,1,1,-1,2.352999394211321,2.1447657878381845,1.6305995,2.077486
-0.7730097838554665,1,0,-1,1.3094342082229402,3.5276632039799813,4.428674,1.3960592
0.024510174258942696,0,0,-1,1.6869527092476098,2.223556538953405,2.3544383,1.8901563
0.4979982912454495,1,1,-1,1.9066504529956845,1.7953381941532538,2.8893433,1.8739871
1.4511436077950417,0,1,-1,1.3495377863173674,1.3341720061431912,1.1352847,1.3215629
0.9592708260852069,1,1,-1,1.5716257264893698,1.5227643170631073,1.7856215,1.5731769
2.1531824575115563,0,1,-1,1.173221794320387,1.1764407489661841,1.0287285,1.1409245
-0.7673475628880495,1,1,-1,4.213457829705299,3.5146763543418547,2.712838,3.5030022
0.8723206367206782,1,1,-1,1.6235535466968285,1.5657954017142406,1.3099895,1.6348381
0.18334200573835174,1,0,-1,1.8052053070543363,2.058938103804987,3.744066,1.9738493
2.1898029332176723,1,1,-1,1.1669930752126423,1.1706594615134274,1.0287285,1.1349888
-0.8082982853551515,0,1,-1,4.347782831416729,3.610126003087513,3.2210748,3.665575
-0.8397218421807761,0,0,1,1.6442155897669608,3.685818894375862,9.075983,1.3574685
-0.5993926454440222,0,1,-1,3.7166313688639114,3.1583613587569723,2.2764769,2.9339194
-2.123895724309807,0,0,1,1.1783699126169362,9.638648841787042,6.6323166,1.1040344
-0.525755021680761,1,0,-1,1.3962321422509507,3.0185076099890704,4.0156107,1.5573477
-0.759132661553698,0,0,-1,1.3137581974478292,3.4959532223652,3.036885,1.4045957
0.15039378647620763,1,0,-1,1.779107524678823,2.091159434003487,1.5355718,1.9564135
0.34175597577715944,1,1,-1,2.059973623392975,1.916816041982748,1.1275995,1.9468148
1.8761708392158862,1,1,-1,1.2285110206909686,1.2270097216759095,1.0664968,1.1951449
0.9504238381860503,0,1,1,1.5767053288333805,1.5269887274557041,1.5761425,1.5791669
-0.5769036556624031,1,0,-1,1.3764749922246058,3.1146519516999587,2.9081216,1.5303261
-0.898414671348358,1,0,-1,1.2729641881476137,3.8331260387724355,10.6825285,1.3266385
0.4919191715065057,0,0,-1,2.0962762081452415,1.799748917997674,2.8893433,2.140624
-1.3202332070206422,1,0,-1,1.1790243932975648,5.158376133764729,15.911752,1.2037612
1.8314587658543537,1,1,-1,1.2389600810600079,1.236433993461292,2.108509,1.2056721
1.179440120721287,0,1,1,1.458662735192677,1.427876485490897,1.7440809,1.4425143
-0.4691756521047048,1,0,-1,1.419297053463763,2.917238912337149,2.189721,1.5874774
-1.713134529090878,0,0,-1,1.1208585374768945,6.9450653482060964,15.281379,1.1454911
1.3538723741654133,0,1,-1,1.3852463134126454,1.3650911654542164,1.131899,1.3605018
-0.11453984525261789,0,1,-1,1.7516682909945964,2.38855100863125,2.0444086,2.222022
1.2378163119734618,0,1,-1,1.4326542745840483,1.4057460967684647,1.3350255,1.4131764
-1.594427658794367,0,0,1,1.3028772537167308,6.336497229244663,13.905842,1.1602991
-0.5993750229537729,0,0,-1,1.368109429239099,3.158326756548276,2.2764769,1.5170947
0.005243699718183166,1,0,-1,1.6738442348909814,2.245191382189134,1.9803128,1.8804288
0.046980593764742055,1,1,-1,2.4233587652006374,2.1987983034585215,1.8539577,2.1090934
-0.45006547147924364,1,0,-1,1.4273869493769213,2.884195323788785,7.789879,1.5980177
0.6228499323474987,0,0,1,3.781109454236947,1.7099434124884265,1.3604457,2.2197514
-1.0676204293825944,0,0,-1,1.2304732605921218,4.304593435936468,9.0855255,1.2632194
-0.1423794850212935,1,0,-1,1.5813632600739767,2.424167616701369,2.895722,1.7972945
0.12029563171189886,0,1,1,1.5943448148202646,2.1214497157350003,1.9467844,2.0636754
0.514438834058749,0,1,1,1.400741445454871,1.7835311788112325,1.9963673,1.8666571
0.7116148780888896,1,1,-1,1.7322634846436733,1.6548672276504217,1.8335195,1.7667923
-1.124642091837869,0,0,1,1.4844979436959787,4.480542484479221,11.020867,1.2484379
-1.5341141707356223,1,0,-1,1.144552260748479,6.051574998071625,18.875525,1.1683909
1.277676821898509,1,1,1,1.415747646450315,1.3912962732583871,1.3123789,1.3942695
0.33231401197959165,0,1,-1,1.48079513614677,1.924725140161254,1.1467739,1.9514054
-0.7484865365565536,0,0,1,1.7057554168581062,3.4718961675560656,3.036885,1.4112694
1.551151975522523,1,1,-1,1.316272221586579,1.305110661308443,1.662383,1.2859088
0.11567463429285867,0,1,1,2.3288652275961694,2.1261740931083652,1.9467844,2.066482
1.1792971840638264,0,1,1,1.458728299596614,1.4279321279282124,1.7440809,1.4425886
0.06751848141010895,1,0,-1,1.7171419225354887,2.1766078140326233,2.6020813,1.9122603
2.060747924881987,0,1,-1,1.189996823595088,1.1919195427569353,1.1527249,1.157094
1.7553408424432044,1,1,-1,1.115863692617894,1.2533865945412592,1.1084548,1.2249167
-0.2489641484790735,1,0,-1,1.5225868188441218,2.569177392430747,2.754075,1.7216862
0.9715709509543554,0,1,-1,1.5646377234330373,1.5169472544706788,1.7856215,1.5649519
0.6453759495851475,0,1,-1,1.3515596258350828,1.695542776689972,2.464003,1.8104333
1.3686315575323487,0,0,-1,3.6343370529556704,1.360221858527069,1.1528785,3.8224406
-0.9649234605801045,0,0,1,1.5684036503783148,4.0098378800652705,5.0722413,1.294904
0.6860514599984393,0,0,-1,2.331160955030446,1.6702752821762117,4.0943885,2.2655408
1.0584244868495878,1,0,-1,2.9317464436863565,1.477673273418585,1.4991727,2.9602592
-1.7587394864231143,0,0,1,1.2569845053367068,7.196905410100152,15.281379,1.1401731
-1.183258512665775,1,1,-1,5.870801548987997,4.671182054110693,2.2166824,5.2715383
-2.0392321777601006,1,0,-1,1.0872278012016428,8.998264848929608,18.334612,1.1114807
-0.26940683444455765,1,1,-1,2.9530784780968955,2.598633171480989,1.8223598,2.4123774
0.7175422557959621,1,0,-1,2.3737472924242113,1.6513454549962807,1.8335195,2.3132498
1.502357052096028,0,0,-1,4.011255351444936,1.318959802168584,2.0293522,4.3027096
0.07409478041977519,1,0,-1,1.7218736036725852,2.1695895344284444,1.6305995,1.9156884
1.6286155455712918,1,1,-1,1.2926975236844718,1.284349199240623,1.8238055,1.2610326
-1.3801014582148914,0,1,1,3.664726586617492,5.391140594446142,9.86773,6.2147264
-1.7033824393551547,0,0,1,1.2716115280194127,6.892554973510691,15.281379,1.1466542
-0.05554769889661878,1,0,-1,1.6341005766378238,2.3159955143580664,2.1370769,1.8504272
0.3840654489393073,0,1,1,1.4565461681830187,1.882197849236671,1.2713445,1.9265146
-0.03269474809409311,0,0,1,2.4438385863348024,2.288918183465282,3.6156247,1.8615837
-2.0674421000398766,0,0,1,1.1887291991622204,9.206185792408641,18.334612,1.1089422
-0.08912003951278841,0,1,-1,2.6308804779699364,2.3568087368646657,1.9449733,2.1964025
-1.3044695005048532,1,0,-1,1.1818688419170642,5.099167147285928,15.911752,1.2070429
0.6696725488300385,1,0,-1,2.3095355715635715,1.6803375000904186,5.8557634,2.2493618
0.36659824609684827,1,0,-1,1.967149925269172,1.8963284421606525,4.365299,2.0696993
-0.9398797863273552,0,1,-1,4.8185844317145845,3.942039532464345,4.484585,4.262915
-0.5138669173366935,0,0,1,1.8923767078492726,2.99679497536116,3.8205988,1.5635473
-1.0592135218889516,0,0,1,1.51725798664349,4.279416059637318,4.486411,1.2654718
-0.06267909727317188,0,0,1,2.4011886368544255,2.324561049875451,2.986964,1.8472891
0.9551423205012383,0,0,-1,2.742188916330609,1.5247314354919277,1.7856215,2.7362185
-0.9857260463355437,1,0,1,1.556701523944471,4.0673411124283945,10.1094055,1.2860003
0.5040465155178444,0,1,1,1.4049277934624258,1.790974027446044,2.8893433,1.8712832
-0.5302576183724408,1,0,-1,1.394452079178488,3.026792735327098,4.0156107,1.5550174
-0.7928728322623442,0,0,1,1.6751145949232067,3.5737536345911898,4.9193935,1.3841525
-0.10703035995455783,0,1,-1,2.6603532151662064,2.379097233997549,2.0444086,2.2134738
-1.035242322419374,0,0,1,1.5298070886256174,4.208674387507239,4.486411,1.2720008
-0.553649305347182,1,1,-1,2.1660818763849563,3.0703856490855395,1.5599921,2.8413935
-1.1978778925888485,1,1,-1,5.942532702288999,4.7203341401578305,2.1427362,5.335304
1.9647251329163893,1,0,-1,5.781360516637347,1.2094388317888245,1.1527249,6.6863794
0.03526355197172861,0,1,1,1.647094101676207,2.211645154428185,2.3544383,2.1165295
-0.6997255079925854,0,0,1,1.7410215972735896,3.3646400760357205,3.4399948,1.4432702
0.21397991073422196,1,1,1,2.2044464565795687,2.0298304539178122,1.4456024,2.0108624
-0.11232804969082963,0,0,-1,1.5990992212911816,2.385759841599457,2.0444086,1.8200096
-0.2209695995332226,1,1,-1,2.8607313317012357,2.529718682329684,1.7010727,2.349853
0.6141667000434252,0,1,1,1.8072138112288791,1.7155737897378236,1.3604457,1.8234938
0.7575077100473051,0,0,-1,2.429761589935061,1.6280891413222902,1.7600356,2.3763957
-0.5305011476105275,0,0,-1,1.3943560302600189,3.02724181606192,4.0156107,1.5548917
-0.57581824064468,0,1,-1,2.192221341573645,3.1125648856801096,2.9081216,2.883332
-0.275051697151644,1,1,-1,2.9641345135050186,2.606863812730275,2.0990205,2.4198496
-2.301921164735585,0,0,1,1.1492815491086192,11.157400159658936,6.6323166,1.0899596
-1.515191062198552,0,0,1,1.327852632670317,5.965356130693913,5.5284104,1.1710129
1.3668742674445244,0,1,-1,1.3802698040871175,1.3607981956333763,1.1528785,1.3550357
1.6449677135012837,0,0,-1,4.472822672241989,1.2801504793828045,1.8238055,4.905263
-0.24903603955637832,1,0,-1,1.5225492508651475,2.569280023086163,2.2445102,1.7216378
0.5765569630557664,1,0,-1,2.1931023875817903,1.7404807918341247,2.1152725,2.191166
0.3112501545435361,1,1,-1,2.0928072514318625,1.94261612229205,1.3777921,1.9617271
3.0788808084552377,1,1,-1,1.0686399324134646,1.0760083394547686,1.0287285,1.047486
1.1195749114345768,0,1,1,1.4869592127625428,1.45182555520812,1.279383,1.4747653
-0.12791759148076653,1,0,-1,1.5898319627887327,2.405553245804356,2.895722,1.8081465
-0.9555404406004258,0,0,-1,1.257807926924461,3.984255005396219,5.0722413,1.2991868
-1.6064463202575725,0,0,1,1.2992588622064531,6.395165686650979,13.905842,1.1587336
0.2034636358672231,1,0,-1,1.8215714550185689,2.0397301677159083,4.4160414,1.9839395
-0.7563507452843033,0,0,-1,1.3146322617050512,3.489644420044519,3.036885,1.406329
-1.4222537095976742,1,0,1,1.3597831789761297,5.562800014110834,26.009672,1.1844953
-0.6465728842425267,0,0,1,1.7814744022914493,3.2530185914453447,3.0255823,1.480996
-1.0815480036143952,1,0,1,1.5058333541241957,4.346730438435223,3.8724163,1.2595297
1.6871416350725648,1,1,-1,1.2760587330294408,1.269605480630834,1.8238055,1.2436837
0.8816397569494505,1,0,-1,2.6187265452654778,1.5610188934656686,1.3099895,2.5925496
-0.007972641316617375,1,1,-1,1.675685627838591,2.2602531751043986,1.9803128,2.1444035
1.4799441388900263,1,1,-1,1.3396144963578014,1.3255301029748487,2.2148356,1.3108621
0.0773683076476183,0,1,-1,1.6204139839935356,2.1661116208772295,1.6305995,2.0900378
-0.8612842013282637,1,0,1,1.630473470536085,3.7390242568529475,10.6825285,1.3458179
1.5231240772696573,0,0,-1,4.074444016503459,1.31299041006673,1.3900622,4.384299
0.5389100436846587,1,1,-1,1.3910538347528092,1.7662806527464405,1.8848752,1.8558608
-1.0372461543264564,1,0,-1,1.2375811203810485,4.214529007512819,4.486411,1.271449
-0.1903386780836082,1,0,-1,1.5541395780198908,2.4876798633136925,2.9184585,1.7623402
-0.8756182533847574,0,0,1,1.6215006927532565,3.7749756269959707,10.6825285,1.3382837
-1.3827997309643363,0,0,1,1.3742617983117034,5.401932849500024,9.86773,1.1912409
0.9261775475316414,1,0,-1,2.692450616494003,1.5387420615739997,1.5761425,2.6781178
1.9094166404701305,0,1,-1,1.2210388854963283,1.2202466175283764,1.1732891,1.1876681
-1.3985675738191412,0,0,1,1.3684067789104,5.465531832973132,9.86773,1.1882088
0.5629692366905709,0,1,1,1.8496173250532304,1.7496908724997764,1.8848752,1.8453772
-0.6506425691218272,1,0,-1,1.3497129621473303,3.2613754995377375,3.4399948,1.4779972
-0.4871253837646962,1,0,1,1.916562166413171,2.9488035494237392,3.6221404,1.5777464
-0.5923939242388692,0,1,1,2.212147917374679,3.1446627369689995,2.801152,2.918761
-0.863990769679816,0,0,1,1.6287693581828113,3.7457767713887598,10.6825285,1.3443825
0.04852162794482699,0,1,-1,1.6385715004011452,2.197118842677982,1.8539577,2.108119
-0.8309501164110378,1,0,1,1.649891328878097,3.6644714464855013,3.9779394,1.3623196
0.2704568257798388,1,0,-1,1.8784966591892953,1.9782549485193233,1.6840609,2.0182927
-0.05023810944913695,0,1,-1,2.56868565990286,2.3096541494336114,2.1370769,2.1723242
-0.23894804686640975,0,0,1,2.1747459989643225,2.5549439652647283,1.7548941,1.7284752
-0.9075636620415979,0,1,-1,2.661238921154512,3.8568050495887434,2.947037,4.104836
-0.5767713305683327,1,0,-1,1.3765248126095377,3.1143974030282875,2.9081216,1.5304052
0.755391225825756,1,1,-1,1.7008991797022364,1.6292996568330296,1.7600356,1.7283447
0.5009171876243808,0,0,1,3.461860063557578,1.7932290323793767,2.8893433,2.1458938
-0.977555244798551,0,0,-1,1.252194353469839,4.044625236533857,10.1094055,1.2892348
0.09933230542922587,0,1,-1,1.6069357721717759,2.143042253441398,1.9988929,2.0764685
0.751387123371789,1,1,-1,1.7037112780354255,1.6315961744463776,1.6379585,1.7317796
-1.6694052811213718,0,1,1,4.558735485707801,6.713200683376707,4.7949114,7.632188
0.543360192379935,1,1,-1,1.8664419269035533,1.7631846635756667,1.8848752,1.853912
-0.6626237589458467,1,1,-1,3.893954074715991,3.2861587059700033,3.4399948,3.1309369
0.5705986685931593,0,0,-1,2.1860146685596145,1.7445054518611325,2.1152725,2.187536
-0.7632591565425169,0,0,1,1.6954061910804779,3.5053407031567563,2.712838,1.4020382
-1.804882100664519,0,0,1,1.2453959867712303,7.462573960061255,5.850534,1.1349901
-1.6275424378831627,1,0,-1,1.1316586832827242,6.499709257129141,4.7949114,1.1560228
0.048084946661381994,1,0,-1,1.7033398658122028,2.1975945107252284,1.8539577,1.9022055
0.25972250172148187,1,1,-1,2.150593042148918,1.9878548080814458,1.6306543,1.9874507
-0.9043166251044086,1,0,1,1.603918136937671,3.8483786428977953,2.947037,1.3236892
0.6385924587773739,0,1,1,1.3539525342856096,1.6998483768691348,2.464003,1.8132542
-1.6615200622689599,1,0,-1,1.1272603790964644,6.672363824610925,4.7949114,1.1517537
-0.06607979864731657,1,0,-1,1.6274572118127677,2.3286652479694068,2.986964,1.8458074
-1.2110161997624564,0,0,-1,1.1996845915024197,4.765067883544418,2.1427362,1.2276131
-0.6518361078021592,1,1,-1,3.86290289351439,3.2638322488789866,3.4399948,3.0959024
0.047398671316414016,1,1,1,2.422763815229211,2.1983424384604797,1.8539577,2.108829
-0.8604133652839524,1,0,-1,1.2835367980033265,3.7368551740983698,9.075983,1.3462809
-0.38455554422982535,1,0,-1,1.4563224718768186,2.7751839299144208,4.011204,1.6357731
1.0062928092144405,1,1,-1,1.5453689127348815,1.5008732561058151,1.2878997,1.5423648
-0.5768918695231487,1,0,1,1.8378703789485116,3.1146292779160385,2.9081216,1.5303334
0.8356921120651418,0,1,1,1.2906335417614911,1.5849666613893674,1.5376499,1.6627595
-1.129706854657618,0,0,-1,1.2165991530431584,4.496616442515528,11.020867,1.2471658
0.5298041779152828,1,0,-1,2.1386053974099597,1.7726548433829457,1.8848752,2.1629767
1.4415686206579004,0,1,1,1.3529006802658747,1.3370955998157608,1.1512958,1.3252014
-2.4716445001272893,0,1,1,8.937866212221257,12.853297754861648,6.6323166,13.768435
-0.7968952554704768,0,1,-1,2.4872001458130955,3.5831891463554935,3.2210748,3.6192727
0.57707212718054,0,1,1,1.3764115722535044,1.7401338365466616,2.1152725,1.839292
-0.2030453860429927,1,0,1,2.217688773376715,2.50497687138545,2.9184585,1.7533386
0.37114587337130883,1,0,-1,1.9715581785971292,1.8926278617413872,4.365299,2.0721943
-0.6039851867158206,0,0,1,1.8154744509526048,3.167397867007377,2.576517,1.5135275
0.08658978747289992,0,1,1,1.6147191467256148,2.156369888176386,1.6305995,2.08432
-0.15567723539207948,0,0,-1,1.5736836107623118,2.441501055287215,2.791269,1.7874452
1.1677820616598074,1,1,-1,1.4640411424285,1.432438593741213,1.7440809,1.4486182
0.2544208433012131,1,0,-1,1.8645214547010458,1.9926308537901967,1.784292,2.009962
0.3376026620752022,0,1,1,1.478259090942931,1.9202867137054664,1.1467739,1.9488313
-0.4118769661224674,1,0,-1,1.444023865831179,2.8198595884169912,3.146398,1.6197412
-0.48760622407249354,1,1,-1,3.4293074678317352,2.949656217074549,3.6221404,2.7316377
-0.4325581878196209,1,0,1,1.9679661243543503,2.854423417912862,3.146398,1.6078752
0.39445214237829684,1,1,-1,2.0055632754826442,1.8739010815194188,1.2713445,1.9215977
-0.42098448082026296,0,0,1,1.9792341613624929,2.8350005700162217,3.146398,1.6144873
0.28977485689641286,1,0,-1,1.8956324671219593,1.9612129645234293,2.2306674,2.02842
2.0754007986454384,0,1,-1,1.1872331216598826,1.189378181173351,1.1527249,1.1544123
0.8711247034316923,1,1,-1,1.6242997212393409,1.5664113134918904,1.3099895,1.6357309
-0.32602353216784113,1,1,-1,3.0668455005591655,2.683130247026293,1.882139,2.48914
1.2012139221639448,1,1,-1,1.4487838446620127,1.4194843150024108,1.3350255,1.4313354
-0.4080753730215514,1,1,-1,3.2435857629885962,2.8135765661062404,3.146398,2.607853
-2.038124535177854,0,0,1,1.194344186399404,8.990209349009083,18.334612,1.1115814
-1.008086310917404,1,0,-1,1.2446109448257925,4.130375794750703,4.486411,1.2795914
-1.8707919210258557,1,0,-1,1.1032303973824598,7.861926873275885,5.850534,1.1279174
-0.35151348404130867,1,0,-1,1.4716521742383897,2.7226166703884997,2.0483885,1.6557168
0.0184183791895517,0,0,1,2.519556292158339,2.2303562297524926,2.3544383,1.8870691
1.6764373122752827,0,0,-1,4.5838488198993765,1.272243755869604,1.8238055,5.0523863
0.32692737376416264,0,1,1,2.0758086660114516,1.9292678070047244,1.3777921,1.9540343
-0.21910052880886424,1,1,-1,2.8572567413822965,2.527119815684098,1.7010727,2.3474967
0.8294055811834892,1,0,-1,2.536344020279125,1.5883217230898758,1.5376499,2.4977376
-2.211135309007885,0,0,1,1.1634684442161927,10.352196785804034,6.6323166,1.0968815
0.23561455810856594,1,0,-1,1.848414944188725,2.0097596591368587,1.6882453,2.000279
0.7708651938869668,1,0,-1,2.448987727816632,1.6205029157561186,1.8379242,2.3981707
-1.4785862457798415,1,0,1,1.3400759697874116,5.802728849448523,3.9703524,1.1762013
1.143754043206929,1,1,-1,1.4753261670096562,1.4419954174782903,1.3022034,1.4614656
0.3384964074944141,1,1,-1,2.0634343169156604,1.9195387572710447,1.1467739,1.9483973
-0.4152879139008013,1,1,-1,3.2598262140756313,2.8255155026382868,3.146398,2.61873
0.6327818661062848,0,0,-1,2.262106141171206,1.703557648415456,2.464003,2.225973
2.270692857804396,1,1,-1,1.1540169130183395,1.158551832551278,1.0287285,1.1227486
0.18186625505849516,1,0,-1,1.804017901148062,2.0603607306403147,3.744066,1.9731134
0.24822058630033608,1,0,-1,1.8591777826880025,1.998245711371676,1.784292,2.0067594
-0.4593608995402441,1,1,1,3.361650879132956,2.9001963839803313,2.189721,2.686718
-0.8498443694647918,1,0,-1,1.286549389224942,3.7106663975806073,9.075983,1.3519509
0.8303358165442456,0,0,-1,2.537773846747539,1.587824054945159,1.5376499,2.4993756
-0.8560838259088672,0,1,1,2.577882606666503,3.726096608550447,9.075983,3.8686793
0.07156623721939247,0,0,-1,1.7200506207972348,2.172283048938131,2.6020813,1.9143687
-0.4776574467651167,0,1,1,2.080752380029744,2.9320899392418514,2.189721,2.7156806
0.47897982574639203,1,0,-1,2.082182489626093,1.8092187108782178,1.8711039,2.1330884
0.33366210528694845,1,1,-1,2.0685877263141705,1.9235917427945057,1.1467739,1.9507488
1.0375399442578994,0,0,-1,2.891821164557045,1.486835562392315,1.3489093,2.912737
-0.5100163988547471,0,0,1,1.8958194447631205,2.989812520805186,3.6221404,1.5655701
-0.26987493529337125,1,0,-1,1.5117725784717329,2.5993140922647555,1.8223598,1.7077165
-0.9787637157823074,0,0,1,1.5605909881298365,4.047974310103453,10.1094055,1.2886981
-0.44429326007611136,1,0,-1,1.4298610508486018,2.8743269808604803,7.789879,1.6012434
0.37730049304485197,1,0,-1,1.977556188478546,1.8876439279216826,3.711709,2.07558
0.7569886166453519,1,0,-1,2.429019602724353,1.6283858192313585,1.7600356,2.3755565
-0.9221653241776254,0,0,-1,1.2665574932351744,3.8950070823092817,3.2235813,1.3149318
0.8696059201056602,0,0,-1,2.599363791897154,1.567194461182676,1.6611404,2.5701876
1.355637858804951,1,1,-1,1.384566767004758,1.364505253425283,1.131899,1.3597546
0.41343490322370086,1,0,-1,2.013525557056245,1.8589389685052664,2.5815601,2.095675
1.876795812558066,0,1,-1,1.2283682520125987,1.226880689399268,1.0664968,1.1950016
-0.773789199103573,1,0,-1,1.3091931244471555,3.5294561117552656,4.428674,1.395585
-1.244654703311417,0,0,1,1.4297057085550529,4.882068317457776,17.892761,1.2199836
-1.7787202489042786,1,1,1,9.834992429579936,7.310578039767761,5.850534,8.251383
1.496044311489183,0,0,-1,3.992305951761569,1.3207968371356624,2.0293522,4.278301
0.6543656563540577,1,1,-1,1.3484133710297392,1.68987763783964,3.9562664,1.8067094
-0.05558467091045507,0,0,-1,1.6340771330959105,2.316039778360988,2.986964,1.8504094
0.2799686263198203,0,1,1,2.127532225859908,1.9698263962807936,1.6840609,1.9772624
-1.1254890472983765,0,0,1,1.4840877692412273,4.483225299331993,11.020867,1.2482247
2.4457519796168263,0,1,-1,1.1292829352830438,1.1352092794017279,1.0287285,1.0999255
0.1292211819752275,1,0,-1,1.7627851920836153,2.1123805226138135,1.9995271,1.9449344
0.10939479460489293,1,0,-1,1.7478108514374484,2.1326263419645626,1.9988929,1.93431
0.7257666238986923,0,0,1,4.082579122139425,1.6464902663590013,1.8335195,2.326003
0.4810092317367132,0,0,-1,2.0843809072395847,1.8077260887384092,1.8711039,2.134267
0.22388402427913137,1,1,-1,2.192576360533788,2.020593215571863,1.7707682,2.0057466
-0.7904744554453119,1,0,-1,1.3040769588672887,3.568144103608368,4.9193935,1.385571
0.4714683571359957,1,0,-1,2.0740841630644824,1.8147674122411266,1.8711039,2.128737
1.8820244964750337,0,1,-1,1.2271773028677662,1.2258040425162178,1.1732891,1.1938071
1.3454200461549777,0,1,1,1.38851634182675,1.3679093169357088,1.131899,1.3641002
1.5931866266393973,1,1,-1,1.3032533674639566,1.2936633539464482,1.4925514,1.2721294
-0.5112156764311853,0,1,-1,2.1176359285906132,2.991984645105344,3.8205988,2.7701015
-0.9896048202585809,1,0,1,1.5545463869370746,4.078183848190189,10.1094055,1.2848781
-0.12578692009964815,0,1,-1,2.6917896279644378,2.402831429559968,2.895722,2.2349377
0.055724912288694604,1,0,-1,1.7087339372342336,2.1892996577924206,1.8539577,1.9061449
1.0941915184709485,0,1,-1,1.2244299788943267,1.4623806075190031,1.4991727,1.48914
-1.6924646297148194,1,0,1,1.2745931779040693,6.834317834309237,15.281379,1.1479675
1.5295503194606137,0,1,1,1.1452134834814052,1.311165946812399,1.3900622,1.2932593
-0.15800789857898942,1,1,-1,2.747188454558962,2.444560698908588,2.791269,2.2726994
-0.42688106994742003,0,1,-1,3.286177182324128,2.8448705963321568,3.146398,2.6363678
-1.0121043752601677,1,0,-1,1.2436300542709129,4.141839452930938,4.486411,1.2784551
-1.6548566718657698,1,0,1,1.2851167105421835,6.638082346672146,4.7949114,1.1525817
0.8231705839619146,1,1,-1,1.6549668967336926,1.5916682883739255,1.5052707,1.6725836
0.07331796718840389,1,0,-1,1.7213130604527576,2.170416370509969,2.6020813,1.915283
-1.2899608997410539,1,0,-1,1.1845267388952094,5.045417694435341,3.1592178,1.2101101
-1.295078772063616,1,0,-1,1.1835847671071742,5.0642967426314085,15.911752,1.209023
-0.3357846992901282,0,1,-1,1.9378030681272345,2.69814316301981,2.0483885,2.50279
1.669021525289393,1,1,-1,1.2811065428979758,1.274086634905316,1.8238055,1.2489281
-0.2595913513636048,0,1,-1,1.8690030459201619,2.584421708433445,2.2445102,2.3994775
-1.5031429531181062,0,0,-1,1.1490992700221037,5.911229964393778,3.9703524,1.1727035
-0.24574306408594407,0,0,-1,1.524272829023143,2.5645859002128364,2.754075,1.7238625
-0.2727235697476702,0,0,1,2.1357309247789074,2.6034641029362895,2.0990205,1.7058344
-2.6968866429415717,1,0,-1,1.0451896752033465,15.548926858361604,6.6323166,1.0651613
-0.05429486651781221,1,0,-1,1.6348954962181748,2.3144964655459566,2.1370769,1.8510351
-0.23093453020867796,1,1,-1,2.8793660832287786,2.54364934406723,1.7010727,2.362486
0.6962063648134184,1,1,-1,1.7436339523029116,1.6641115976535092,1.2861112,1.7808026
1.8489560949453452,0,1,-1,1.2348152850577465,1.2327002404457148,1.0793302,1.2014865
1.1265650295477574,0,1,1,1.483567179517258,1.4489614364140568,1.279383,1.4708815
-0.2688886905548305,0,1,-1,2.952066764546544,2.597879793862499,1.8223598,2.4116933
-1.1065259087416701,0,1,-1,3.026937247629325,4.423649904785303,2.977057,4.9519167
2.5733598032498604,0,1,-1,1.1137946462956934,1.1203897305858666,1.0287285,1.0860108
0.05921843401448826,0,0,1,2.582836410335402,2.185525842351691,1.8539577,1.9079523
0.013929291912946203,1,0,-1,1.6797224621060765,2.2353911418744294,1.9803128,1.8848009
-0.024125087110003277,1,1,-1,2.528252746547855,2.27890866814929,3.9327095,2.1549945
0.19808476076785533,1,0,-1,1.8171641884709857,2.0448304120799126,4.4160414,1.981232
-0.14436041192394275,1,1,-1,2.72350569608929,2.4267364552366804,2.895722,2.256566
-0.5736620068802363,1,0,-1,1.3776973721173857,3.108424928226954,2.9081216,1.5322627
-0.5468589412403921,0,1,-1,2.1581905785803186,3.057635377001158,1.5599921,2.829795
-0.03275327021599839,1,0,-1,1.648720530737405,2.2889868069617494,3.6156247,1.861555
-0.543424771133765,1,1,-1,3.568763799031612,3.0512169611024897,1.5599921,2.823957
-0.7128457826771644,0,0,-1,1.3286224410908631,3.3930335339740316,1.9507488,1.4344225
0.10643022769189683,0,0,-1,1.745597199011719,2.135685131206426,1.9988929,1.9327316
-0.2549772174208552,1,0,-1,1.5194538969517581,2.5777848025524985,2.2445102,1.7176411
1.5039929885826884,0,1,-1,1.148972584206188,1.3184854562980033,2.0293522,1.3022001
-2.650969808393012,1,0,1,1.105297057058726,14.953703981056334,6.6323166,1.0676507
1.0915068519224618,1,0,-1,2.9967220319324754,1.4635112786000026,1.4991727,3.0379655
1.246085192497629,0,1,-1,1.4290914586293946,1.4027053205063598,1.3350255,1.4091811
-2.0733902324081495,0,0,1,1.187609944939938,9.2507117636225,6.6323166,1.1084143
-0.34268759408034877,0,1,-1,1.944299018677776,2.7088407488672925,2.0483885,2.5125184
-0.37144086599579146,0,0,1,2.0289708562024322,2.7541302180119827,4.011204,1.6436152
-1.4075116947178212,0,0,1,1.3651263960787035,5.502015190414704,26.009672,1.1867294
-0.7778166875908753,1,1,-1,4.247276638228487,3.5387409252211324,4.428674,3.5435958
-1.1105758454658288,0,0,1,1.4913611678775283,4.436287188926478,2.977057,1.2520052
1.7522704434236227,1,1,-1,1.258652337976107,1.254095357493859,1.1084548,1.2257296
0.9356783931474612,0,0,-1,2.7086069564288406,1.5341056337802659,1.5761425,2.6969578
1.2715550949941588,1,1,-1,1.4183005461076656,1.3934815448435005,1.3350255,1.397116
0.7216720640432349,0,0,1,4.069983122549868,1.6489029156677713,1.8335195,2.3196385
-1.129051771217229,0,0,-1,1.2167410900467335,4.494533241974452,11.020867,1.24733
-0.5245202662797737,1,0,-1,1.396721694204901,3.0162414879599213,4.0156107,1.5579883
0.48937456122791806,1,0,1,3.4336071029709188,1.8016024222272164,2.8893433,2.1391385
-1.2221278088919454,0,1,1,3.2753361708476483,4.80332062330582,4.565861,5.4431806
0.7129984301723881,1,0,-1,2.367519384256231,1.654043485387868,1.8335195,2.3062563
-0.24032539815813486,0,1,-1,1.8524211201046807,2.556893573945879,1.7548941,2.374499
-0.37482080754959723,0,1,-1,1.9751351595129276,2.7595322201893353,4.011204,2.5586402
0.7109599682034917,0,1,1,1.7327432083092213,1.6552575110245764,1.2861112,1.7673827
0.4442633114860399,0,0,1,3.326263451606771,1.8351840550975407,2.5815601,2.1131155
-0.3609661658190799,1,1,-1,3.1403431482294915,2.7374941113574076,2.0483885,2.5385842
1.159329803364248,0,1,-1,1.4679799605287644,1.4357765747403777,1.7440809,1.4530963
-1.0810633275998973,0,1,-1,2.975977727195388,4.345255097525226,3.8724163,4.8512306
0.6159356069442637,1,1,-1,1.8057871873021947,1.714423185757626,1.3604457,1.822748
0.5931012579683838,1,1,-1,1.8243984929960746,1.7294192987533505,1.5923951,1.8324286
-0.3095464393139903,0,1,-1,1.9135167560073862,2.658088579357805,1.9654045,2.4663792
0.326133022242118,1,0,-1,1.9287952360489418,1.9299395860013975,1.3777921,2.0477538
-1.2511135763853032,0,0,1,1.4269392376838899,4.904946016648539,11.116565,1.218548
0.924027019206901,1,0,-1,2.6888148643002565,1.5397970964509056,1.5761425,2.6738822
-0.18490213644298903,1,1,-1,2.7948153300325247,2.4803402270040986,2.9184585,2.305101
-0.5227230205190395,1,0,-1,1.3974353416958705,3.0129475843273186,4.361882,1.5589224
1.0490092258368893,0,0,-1,2.913643900521169,1.481782314242047,1.4991727,2.9386904
-0.7043436905427592,0,1,-1,4.017243573345474,3.374595611756889,1.9507488,3.2720277
-1.4084612963635597,0,0,1,1.3647798360251255,5.50590610668576,26.009672,1.1865847
-1.5566291735239037,0,0,1,1.3145446713926772,6.156111999126312,18.875525,1.1653235
0.6060099513456396,0,1,1,1.3656751341527784,1.720903452258724,1.7242627,1.826942
-1.280429352496283,1,1,-1,6.367860180595771,5.01049071133823,3.1592178,5.71365
1.7547941819843647,0,1,-1,1.258000390115943,1.2535126394064515,1.1084548,1.2250612
-2.081929407883722,0,1,-1,6.37591831048826,9.315056229389509,6.6323166,10.28841
1.6964563682900382,1,0,-1,4.6563170426823115,1.2673305078417654,1.8238055,5.1488442
0.2110174672026184,0,1,1,1.5427983085394825,2.0326096361882744,1.4456024,2.0123975
-0.09671311187039239,1,1,-1,2.64331100466691,2.3662136088270147,2.0444086,2.2018266
-0.5449190868089495,0,0,1,1.8650922876565095,3.0540073520109168,1.5599921,1.5474967
0.39913611435207075,0,0,-1,1.9991364873938473,1.8701851521079906,1.2713445,2.0876787
-0.03763470242484838,0,0,1,2.4367236777878127,2.294723693617272,3.6156247,1.8591598
1.103301882016522,0,1,-1,1.4949483417221985,1.4585642179135403,1.4991727,1.4839313
0.11422764866203965,1,0,-1,1.7514336593444084,2.127657538268588,1.9988929,1.9368886
0.1503017614618776,0,1,-1,2.283638005756698,2.0912507881261795,1.5355718,2.0456274
-0.36361221221385587,1,0,-1,1.4659801640336534,2.7416816563414024,2.0483885,1.6483425
-0.056945623721067457,0,0,-1,1.6332147709896498,2.317670188356603,2.986964,1.8497926
0.3078017688920592,0,0,1,3.0295249865363587,1.9455778692777206,2.3228502,2.037961
-1.7101683926566253,1,0,-1,1.1212175525689507,6.929044784129997,15.281379,1.1458439
-1.348185422105713,0,0,-1,1.1740895560720752,5.265476126067706,15.911752,1.1980695
0.743264094022715,1,1,-1,1.7094508250951574,1.6362808449136388,1.8335195,1.7387981
0.17086543812794186,1,1,-1,2.257511240692218,2.071025941075965,1.5355718,2.0334368
-0.18398333635267913,1,0,-1,1.5576725391008772,2.4791033772617563,2.9184585,1.7668825
0.01843393306539316,1,1,-1,2.464576419089639,2.2303388204130092,2.3544383,2.1272979
0.34758170536167105,0,1,1,2.0538164561062446,1.9119698786698698,1.1275995,1.9439933
-0.5397596803093615,0,1,1,3.559366278304869,3.0443890417870687,1.5599921,2.817747
-0.7783047254023127,0,0,1,1.6850217253370667,3.5398683410684844,4.428674,1.3928496
0.19584525509768155,1,0,-1,1.81533619230534,2.046961278965396,3.744066,1.980107
-0.978372777615032,1,0,-1,1.2519882605650814,4.046890487972368,10.1094055,1.2888716
0.40825275571447184,0,1,1,1.445636021377954,1.8629979031903838,1.2713445,1.9151057
-1.7025836042378404,1,0,-1,1.1221404576532459,6.888274233421917,15.281379,1.1467499
1.0291556373256436,0,0,-1,2.876025864105552,1.4905631055154667,1.2878997,2.893984
0.472597482413043,1,1,-1,1.929975086025986,1.8139309071077068,1.8711039,1.8854336
0.25602973431387566,0,1,-1,1.5189074505725397,1.991179034810936,1.784292,1.9893204
0.9826909839455139,1,1,1,1.5583937144551727,1.5117440211689739,1.2878997,1.5576175
1.6654744444625766,1,0,-1,4.54477413567184,1.2749725165700965,1.8238055,5.0005145
1.0143700650181304,0,1,1,1.5409815712124701,1.4972062394119678,1.2878997,1.5372412
-1.8408742313316453,0,0,1,1.2367207195253904,7.677682911533549,5.850534,1.1310807
-1.2795769667357015,0,1,1,3.409880031337953,5.007381994311394,3.1592178,5.7095804
-0.6248185776956788,0,0,-1,1.3588615649925677,3.208868106538939,2.3323364,1.4973475
0.026091050210833786,0,1,1,1.6530568784471575,2.2217981075059186,2.3544383,2.1223857
0.517659020469123,1,1,-1,1.8889991314466328,1.7812391652675625,1.6770558,1.865229
-0.7257438131534656,1,1,-1,2.385060489137994,3.4212783341600246,1.9507488,3.347987
0.18676676447707832,1,0,-1,1.8079676684768793,2.0556439789959997,3.744066,1.9755595
-0.7553829323533225,0,1,1,2.4267268895745957,3.487453364252636,3.036885,3.457402
-0.6115178029919482,1,0,-1,1.3636665862327835,3.1823014004643198,2.576517,1.5076175
-1.4066610968482223,1,0,1,1.3654371039383304,5.498532786913036,26.009672,1.1868591
-0.9232332461109043,0,0,1,1.592601420897549,3.8978210297722264,3.2235813,1.3144153
-1.3516846056163336,1,0,-1,1.17348144932713,5.279076208388658,15.911752,1.1973681
-0.9758732529773327,1,0,-1,1.2526188992509084,4.039970004218285,10.1094055,1.2899833
1.0536417966078395,0,1,-1,1.520148049887129,1.4797561532318921,1.4991727,1.5130117
-0.949398888831943,0,0,-1,1.2593961397074045,3.9676278776037677,4.484585,1.3020239
2.632382064837391,0,1,-1,1.1072725952719376,1.1140959200914058,1.0287285,1.0802475
0.4933179008808892,0,0,-1,2.0978106747816163,1.7987319039830014,2.8893433,2.1414418
0.1848361236948739,1,0,-1,1.8064092779756016,2.0574997153043557,3.744066,1.9745948
-0.8583577801812133,1,0,-1,1.2841202314645082,3.7317419228478843,9.075983,1.3473765
0.7003098794089911,1,1,-1,1.3327679497837566,1.661637011782125,1.2861112,1.7770466
-0.5756378262377739,0,0,1,1.8389217637745012,3.1122181795677424,2.9081216,1.5310816
0.12200981464536144,0,0,-1,1.7573042541505464,2.119702227538748,1.9467844,1.9410561
2.5600845382687947,1,1,-1,1.1153153720640678,1.1218524924658384,1.0287285,1.0873631
-0.09605989972464987,1,0,1,2.3551878782776745,2.3654019758374325,2.0444086,1.832575
1.1492733262856758,0,1,-1,1.4727099338463188,1.4397816783508581,1.3022034,1.4584825
-0.7031764251258874,1,1,-1,4.013723703978575,3.3720753562254475,3.0558891,3.267956
-0.0349884904969617,1,0,-1,1.6472721168155582,2.291610580232766,3.6156247,1.8604574
1.77080063563551,0,1,-1,1.253903593887514,1.2498478213666517,1.350512,1.2208675
-0.6269670577877674,0,1,1,2.2547885317493104,3.2131896758158227,2.3323364,3.0173163
1.8124485579969287,1,0,-1,5.105996876978356,1.2405585139848774,2.108509,5.7546973
0.7077519354554754,0,1,-1,1.7350976470564459,1.6571726511610918,1.2861112,1.770281
-0.5624667758942676,0,0,1,1.8500443317190005,3.0870602005635206,2.159627,1.5386295
0.6324077390555208,0,1,1,1.7926228741084278,1.703797150101484,1.3604457,1.8158349
0.9725544496267297,0,0,-1,2.7727897746181926,1.5164849356168286,1.7856215,2.7721088
0.6218099622171964,1,1,-1,1.8010675829778993,1.710615407307729,1.3604457,1.820276
-1.5702247198904564,1,0,-1,1.1394255210065531,6.220280722624409,13.905842,1.1634984
-0.7271371758248686,0,0,-1,1.323959368854123,3.4243494771493377,3.036885,1.4249859
-0.24751863555150475,1,0,-1,1.5233427710842755,2.567115222910397,2.754075,1.7226621
-0.07443342910004629,1,1,-1,2.6071034014743972,2.338801046746058,1.9449733,2.187395
0.620672097550678,1,1,-1,1.8019796082583315,1.7113513871141892,1.3604457,1.8207542
0.17770100093325383,0,1,1,1.5611870531646515,2.064386362884092,3.744066,2.0298243
-1.3353443587101013,0,0,-1,1.176339465798733,5.215936795987396,15.911752,1.2006642
0.3801978510059632,1,0,-1,1.9803926257865268,1.885307326863657,3.711709,2.0771775
0.6105857452838231,1,0,-1,2.234400892739399,1.7179087351070914,1.7242627,2.2121124
0.5597904479310398,0,0,1,3.6111492443621103,1.7518620127035598,1.8848752,2.180979
1.0807807255546218,0,0,1,5.396376705041743,1.468056339613575,1.4991727,3.0124395
0.8339221545489041,0,1,1,1.6479626944703467,1.5859093310296495,1.5376499,1.6641395
0.4591800792284367,1,0,-1,2.060966281527779,1.823926881593682,2.5815601,2.121654
-0.070165711458647,1,0,-1,1.6248987068260627,2.333613228095923,2.986964,1.8440315
-1.660960933515991,0,0,1,1.2833815847589252,6.669479253021758,4.7949114,1.151823
0.42961821913258585,0,1,-1,1.9708161018195214,1.8463858206762227,2.5815601,1.9051445
0.20768768716311115,1,0,-1,1.8250491548080208,2.0357423847487777,1.4456024,1.986071
0.2715788371953735,1,1,1,2.1370317773612455,1.977256918592316,1.6840609,1.9814714
-1.2767485758203097,0,0,1,1.4161337417406494,4.997083886777991,11.116565,1.2129428
-1.0810565404082624,1,0,-1,1.2273973069762882,4.345234442112453,3.8724163,1.259659
1.0531528533329035,1,0,1,5.276576700973489,1.479969600936974,1.4991727,2.948153
-0.03955515385665504,0,1,-1,2.552016656301793,2.2969876899799035,2.1370769,2.1652033
0.6815006973726244,1,0,-1,2.325116920421464,1.6730559720301859,5.8557634,2.2587914
0.02831837613045931,0,0,-1,1.6895737514018123,2.2193249079581596,2.3544383,1.8920919
0.029756139495743236,1,0,-1,1.690565908351784,2.2177310899462537,2.3544383,1.8928236
0.9382838059759977,1,1,-1,1.2622954323825377,1.53284117410777,1.5761425,1.5874884
-0.5160447282173739,1,0,-1,1.400098413567265,3.0007550173926774,3.8205988,1.5624064
0.09612077694098344,1,0,-1,1.7379499884107428,2.1463867019333325,1.6305995,1.9272635
-0.46227528870504275,0,0,1,1.9396241832590062,2.905241111955223,2.189721,1.5912616
-0.4344962274323156,1,0,-1,1.4340931105596098,2.857695847637081,3.146398,1.6067748
-0.30917212346863937,1,0,-1,1.492051386681766,2.6575240482694156,2.0990205,1.6821905
0.22213377163371276,0,1,1,1.5367978107681672,2.0222195695969916,1.7707682,2.0066488
-0.4787486216634771,1,0,-1,1.4153022869313114,2.934008842800189,2.189721,1.5822675
1.2557561255735208,1,1,-1,1.4249617451275767,1.3991778568351747,1.3350255,1.4045573
-0.8946073022195039,0,0,1,1.6098103314462489,3.8233299022421563,10.6825285,1.328555
-0.18687164416135904,1,0,-1,1.5560641330555294,2.482994980629122,2.9184585,1.7648149
-0.4397310582741749,1,0,-1,1.431826644016443,2.8665638880588653,3.146398,1.6038128
1.4469778843537329,0,1,1,1.3509969010917309,1.3354408247881977,1.1512958,1.3231409
0.19655477651157463,1,1,-1,2.2256180207227625,2.0462857066605085,4.4160414,2.019926
1.0318445394686349,0,1,1,1.5316103198778852,1.4893645596169094,1.3489093,1.5263219
-1.485560373036972,0,1,1,3.961098673763859,5.833297217069213,3.9703524,6.7077355
0.26705026586925884,0,1,-1,1.513220210404545,1.9812913352164023,1.6306543,1.983751
0.889630795623437,1,1,-1,1.6128526202896112,1.5569552187420523,1.3099895,1.6220553
0.08228398927542419,1,0,-1,1.7278094491466007,2.160908438828413,1.6305995,1.919975
1.0654803750653512,0,1,-1,1.2309670140296065,1.4746169072944633,1.4991727,1.5059246
-0.5172884501003722,0,0,1,1.889328629229879,3.0030200725032676,4.361882,1.5617559
1.40934744018558,1,1,-1,1.364456731806581,1.3471230644616494,1.1187526,1.3377507
2.2988981236192503,0,1,-1,1.1497335161828068,1.1545352436759242,1.0287285,1.1187468
-0.36283856043965906,1,0,-1,1.466340809903469,2.7404562578357288,2.0483885,1.6488117
-0.4455025214007718,1,0,-1,1.4293415506738736,2.8763900809318814,7.789879,1.600564
1.453384477117701,1,1,-1,1.3487553947609152,1.3334914564197895,1.1352847,1.3207172
1.5795721457307124,1,0,-1,4.25298210282232,1.2973231676783779,1.4925514,4.6164
-0.5228600271532683,0,0,1,1.8843874441257575,3.0131984937640564,4.0156107,1.5588511
-0.42018681709585753,1,1,-1,3.2709240453416006,2.8336694587927145,3.146398,2.6261597
-0.2817846088605074,1,0,-1,1.5057136854566269,2.6167363458810544,2.0990205,1.6998811
-1.344450511034277,1,0,-1,1.174740980831987,5.2510075418551905,15.911752,1.1988207
-0.9186519464841982,0,0,-1,1.2674956574835503,3.8857686886426532,3.2235813,1.3166367
-1.0041407667520679,1,0,1,1.5465438335790687,4.119159741685151,4.486411,1.2807118
-0.7677975651041284,0,1,-1,2.4445495821289027,3.515706032537984,2.712838,3.5047336
-0.034684887386781105,0,1,-1,1.693977935219074,2.291253887959264,3.6156247,2.1619716
0.23421473253652023,0,1,-1,1.530351792848096,2.011046380068845,1.7707682,2.0004382
1.5505004928140769,1,0,-1,4.159773958165232,1.3052915472635875,1.4204013,4.494941
-0.998354040738791,1,0,-1,1.247003186719553,4.102782386984231,5.3195477,1.282363
0.9843223984765838,1,1,-1,1.5574834855175923,1.5109850754266063,1.2878997,1.5565497
-0.21398884422550896,1,0,-1,1.5411878439510716,2.5200347542457013,2.9184585,1.7456712
-0.049463709652432936,0,1,1,1.7043102736167715,2.3087318228025167,2.1370769,2.1718066
0.6748194921666035,1,0,-1,2.316293052214922,1.6771593580928452,5.8557634,2.2526603
-1.1227220215622986,0,1,1,3.060033040112226,4.474468122322177,2.977057,5.0173264
0.3824097461840506,1,1,-1,2.01774587345448,1.8835276646194914,3.711709,1.9273007
0.16645220821305598,1,1,-1,2.26307319097331,2.0753346238563593,1.5355718,2.0360405
0.4924512640081488,1,0,-1,2.0968596837130464,1.7993618818241863,2.8893433,2.140935
0.2891686439078181,1,1,-1,2.1172064808996813,1.9617432142879256,2.2306674,1.9726676
2.4553001399108942,0,1,1,1.1280543955742537,1.1340398952010782,1.0287285,1.0988107
-0.637739984251316,0,0,-1,1.354254398451997,3.2349867445351306,3.0255823,1.4875693
-0.5309969550018176,1,1,-1,3.537037229187072,3.0281564185274417,4.0156107,2.8029857
-0.6231405264247644,0,1,-1,2.249996218893912,3.205498653365022,2.3323364,3.0054889
-0.5554771191602547,0,1,-1,2.168215206016533,3.073831212115868,2.159627,2.844528
-0.6373871273065177,0,1,1,2.2679318738277834,3.2342694132312935,3.0255823,3.0498788
1.1890165311075518,1,0,-1,3.2012305196384485,1.4241650098151553,1.7440809,3.2853882
1.4205042479898549,0,1,-1,1.3604131567351625,1.3436176678651268,1.1187526,1.3333515
-0.5707462937494763,0,0,-1,1.378800236341249,3.1028396740948465,2.9081216,1.5340104
-0.8323555731042287,1,1,-1,4.429297991756291,3.667880407841378,3.9779394,3.7659621
0.4714155563864041,1,1,-1,1.931074897604218,1.8148065503678867,1.8711039,1.88597
-0.5522230442809716,0,1,-1,2.1644199246748954,3.067701019208643,1.5599921,2.838951
0.6329318177555111,0,0,-1,2.2622954102588237,1.703461678043186,2.464003,2.2260675
0.2029230208512997,0,0,1,2.827452683365426,2.040241650967018,4.4160414,1.9836669
-1.515744114997232,0,0,-1,1.1472322341008103,5.967854991826106,5.5284104,1.1709358
1.5475052013300616,0,1,1,1.142629459877864,1.3061245790683107,1.4204013,1.2871366
1.7958776730955217,1,1,-1,1.247615615405249,1.2442124415897806,1.350512,1.2144538
-0.612788690484386,1,0,-1,1.3632047004815027,3.1848259784292132,2.576517,1.5066271
-0.38770155993598404,1,0,-1,1.4548891300533635,2.7802718671389486,4.570331,1.6339061
0.28586539072490513,0,0,-1,1.8921378577691108,1.9646376877357903,1.6840609,2.0263627
0.33445678998702516,1,0,-1,1.9365585771770173,1.922924269673432,1.1467739,2.052231
0.6585442726728304,0,0,-1,2.295043483620154,1.687260086438046,3.9562664,2.2422597
2.0102045387663496,1,1,-1,1.1998467334901277,1.2009502621326542,1.1527249,1.166707
-0.1769472274940494,1,0,-1,1.561610220525875,2.469665860737906,2.9184585,1.7719432
-0.7982972445384537,0,0,-1,1.3017075088871155,3.5864859546091137,3.2210748,1.3809638
-1.3793192280145272,1,0,1,1.3755666871221306,5.388016866018214,15.911752,1.1919167
-0.7309300399419191,0,1,-1,2.3922623861435652,3.43272916534488,3.036885,3.366774
-0.033126972873797095,1,0,-1,1.648478147443361,2.2894250997765386,3.6156247,1.8613714
1.7945578635177877,0,1,1,1.247942636621454,1.2445058385959307,1.350512,1.2147868
-0.5176112990361714,0,0,-1,1.3994721217612411,3.0036084611799008,4.361882,1.5615873
0.2237879516388985,1,0,-1,1.8384401746208066,2.020682420171478,1.7707682,1.9942374
-0.016422896072752075,0,0,-1,1.6594013532693836,2.2699787181324185,3.9327095,1.8696164
1.188393273448084,1,1,1,1.454574585895362,1.4244055798100694,1.7440809,1.4378831
2.5269324258736217,0,1,-1,1.1192023957625656,1.1255835079005139,1.0287285,1.0908337
-0.5308687729203206,1,0,1,1.8773328966712346,3.0279199249720263,4.0156107,1.5547018
-0.48943944251822213,1,0,-1,1.4108860134381318,2.952910462631692,3.6221404,1.5765038
1.044160877069072,1,1,-1,1.5251029832429583,1.4839120155683747,1.3489093,1.5187593
0.6818914896263114,0,0,-1,2.325634867047367,1.6728167309264275,4.0943885,2.2593696
1.8467073257360336,0,1,-1,1.2353439246120606,1.2331767832296125,1.0793302,1.2020196
0.5839281853259639,0,0,-1,2.2019295038213125,1.735531833215656,2.1152725,2.1956723
-0.35929209078705954,0,1,-1,3.136763050717123,2.734849977358337,2.0483885,2.5361784
0.5906548306923093,1,1,-1,1.8264177929838525,1.7310445061856883,1.5923951,1.8334724
1.1087035805829077,1,1,-1,1.4922819878774662,1.4563163037518558,1.279383,1.4808693
0.8204821811973643,1,1,-1,1.6567300805617469,1.593117125901459,1.5052707,1.6747118
0.5072740311072979,1,0,-1,2.1132392748760602,1.7886549833406316,2.8893433,2.1496315
1.066674689589154,1,1,-1,1.513412999943366,1.4741015103099189,1.4991727,1.5052148
1.1692955904456728,1,0,-1,3.158245429505097,1.4318435730894636,1.7440809,3.2330341
1.3821589910375272,0,1,1,1.374501679631524,1.3558159875508928,1.1528785,1.3487158
0.6487098875896427,1,1,-1,1.7798061720197746,1.6934363866711306,2.2197983,1.8090501
-0.16711808031685435,1,1,-1,1.7922471167919738,2.4565827794494126,2.9184585,2.283584
0.14671368643332283,1,1,-1,2.288252068081534,2.0948186740343058,1.5355718,2.0477693
1.2065089665083568,0,0,-1,3.2400741466638996,1.4174684771545862,1.3350255,3.332852
-0.8169356709872361,0,1,-1,2.5173049030690686,3.630716510799178,3.2210748,3.7011912
0.3686733088729012,0,1,-1,1.4636277512977602,1.8946379840012983,4.365299,1.9338489
-0.3933388123273607,1,0,-1,1.4523320195276541,2.7894252951921006,4.570331,1.6305743
0.028744822934817487,1,0,-1,1.6898678806352452,2.2188519571895493,2.3544383,1.8923086
1.2784518626072987,0,0,-1,3.407170190078389,1.3910204740633016,1.3123789,3.5386481
0.19109906801990334,1,0,-1,1.8114756229446052,2.051491603044493,3.744066,1.9777269
0.04643654815614881,0,1,-1,2.42413334797137,2.199391781662899,1.8539577,2.1094375
-1.3598561409799192,0,0,-1,1.1720696158089254,5.3110051713676985,15.911752,1.1957402
0.7462535660272207,0,1,1,1.3178252530265362,1.6345527452761723,1.6379585,1.7362075
0.6454841811410754,1,1,-1,1.7823256591958634,1.6954742953527253,2.464003,1.8103881
2.16325472330546,1,1,-1,1.1714858156622299,1.1748313870823681,1.0287285,1.1392664
-0.30777823495300055,0,1,-1,1.9119028989306206,2.655423520559501,2.0990205,2.4639573
0.21915032766393877,1,0,-1,1.8345608068428974,2.0249977947991145,1.4456024,1.991878
0.24938368371075526,0,1,-1,2.1625505208017284,1.9971900134607794,1.784292,1.9926945
1.5774532797634744,1,0,-1,4.246096766880645,1.2978968437631104,1.662383,4.6074076
-0.0952955323869521,1,1,-1,2.6409831310645395,2.364452841851712,2.0444086,2.2002351
0.27902152577033923,1,0,-1,1.8860530323616798,1.9706623708485596,1.6840609,2.0227704
0.6078965097165392,0,0,-1,2.2310857575420164,1.7196672469959668,1.7242627,2.210444
0.1866091231563581,1,1,-1,2.237868410789493,2.055795382019455,3.744066,2.0251355
-0.44643361455052827,1,0,-1,1.4289419797448795,2.8779801503094404,7.789879,1.6000421
0.19408999289830758,0,1,1,2.2286426299086957,2.0486344305115294,3.744066,2.0212145
1.073631749859772,1,1,-1,1.509853550766904,1.4711103523369853,1.4991727,1.5011015
-1.0265152994110602,0,0,-1,1.2401442968558984,4.183300630337147,4.486411,1.2744174
0.132969674146876,1,0,-1,1.7656498521283428,2.108593607607604,1.9995271,1.9469568
-0.7001208149391732,0,0,1,1.740728724179814,3.3654906135079776,3.0558891,1.4430009
1.1950466289248425,1,0,-1,3.214544256214301,1.4218444948112618,1.7440809,3.3016403
-1.5231869047837747,1,0,-1,1.1461404834078488,6.001606381524778,5.5284104,1.1699001
-0.5589218472715883,0,0,-1,1.3833059256047069,3.0803403713375097,2.159627,1.5404091
0.37721187506452086,0,0,-1,1.9774695632617958,1.8877154918228198,3.711709,2.0755312
1.5655240292343404,0,1,-1,1.3117592482594251,1.301147369769541,1.662383,1.2811208
-0.0657502610729878,0,0,1,2.396891958315204,2.328266983754805,2.986964,1.8459513
-0.5551995266931983,0,0,-1,1.3847353719176232,3.0733075609038627,1.5599921,1.5422843
1.88115706944059,1,1,-1,1.2273744480940738,1.2259823016948728,1.0664968,1.1940048
-1.448013900416244,0,0,-1,1.157549765307804,5.670992016752412,4.4781914,1.1806551
-2.198805956620082,0,0,1,1.165496380148275,10.247884270031925,6.6323166,1.0978618
0.4400144500533324,1,1,-1,1.960775555793994,1.8384185781309805,2.5815601,1.9003367
-0.5020542243526112,0,0,1,1.902980586803605,2.9754514189041,3.6221404,1.569776
-1.0212328171307132,1,0,-1,1.2414162113238965,4.168039438539544,4.486411,1.2758906
0.7083564472993533,1,0,-1,2.3611860935818685,1.6568113405235252,1.2861112,2.2991502
0.24380071377119883,1,0,-1,1.8553887061945915,2.002267659714236,1.784292,2.0044825
-0.5640786307367284,1,0,-1,1.3813343877114572,3.0901228354603902,2.159627,1.5378222
-1.2803043986708944,1,0,-1,1.1863172526825094,5.010034844234873,3.1592178,1.2121767
0.8724573282801447,0,1,1,1.2801423734937092,1.5657250475229283,1.3099895,1.6347361
0.650201177958661,0,0,-1,2.284283760285587,1.692496251847784,2.2197983,2.2369618
-0.09917586377938291,0,0,1,2.350971733650398,2.369277982605581,2.0444086,1.8301536
1.8466369960476658,1,1,-1,1.235360476858988,1.2331917027121186,1.0793302,1.2020363
-1.0700847663261526,0,0,1,1.5116652039686884,4.312010309966259,9.0855255,1.2625628
-1.5255251709247388,1,0,-1,1.1457991672631762,6.012257159137632,18.875525,1.1695759
-0.6919080698812444,1,1,-1,3.979954613050152,3.3478828561488676,3.4399948,3.229022
-0.045586016355497805,1,1,-1,2.5614049366103693,2.3041231679564964,2.1370769,2.169218
0.24333944932269183,1,1,1,2.1695985270814613,2.0026883288904886,1.6882453,1.9957727
-0.24123605785632987,0,1,-1,1.8531977392288483,2.5581839337318715,1.7548941,2.3756697
0.3520553965142968,1,1,-1,2.0491125365370673,1.908265811144723,1.1275995,1.9418325
-1.2515394241904443,1,0,1,1.4267574652530357,4.9064591229555194,11.116565,1.2184538
1.4437646040732597,0,1,1,1.3521265665063174,1.3364228334545165,1.1512958,1.3243632
-0.08215117839256883,0,0,1,2.3741685009384326,2.3482340087586273,1.9449733,1.8388417
1.1172958315881278,1,1,-1,1.4880702973346873,1.4527633255658394,1.279383,1.4760385
0.34272534637770413,1,1,-1,2.0589466139818913,1.9160078836929957,1.1275995,1.9463449
0.4567532191537839,1,0,-1,2.058394586652593,1.8257479605780687,2.5815601,2.1202605
0.5697672802322037,1,1,-1,1.8438611769241786,1.7450687676674503,2.1152725,1.8424386
0.4477085600173148,1,0,-1,2.048864929599363,1.8325704606634177,2.5815601,2.1150818
0.6427227598675439,1,0,-1,2.274715172921911,1.6972236394344404,2.464003,2.232232
1.3291525301324314,0,1,-1,1.3948882244775702,1.3733945546803021,1.131899,1.3711274
0.19652116970147013,0,0,-1,1.8158874762341575,2.046317695618211,4.4160414,1.9804463
0.7090037575885123,0,1,-1,1.3298874452870812,1.6564246699242988,1.2861112,1.7691486
-0.08973569428722672,1,0,-1,1.612788336240357,2.357568876496016,1.9449733,1.8355744
1.4401172154494728,1,1,-1,1.3534132540374098,1.3375409938331888,1.1187526,1.3257565
-0.6763923020592697,1,0,-1,1.340822896383698,3.314974660021197,3.4399948,1.4594525
1.8009404329108156,0,0,-1,5.059015404153638,1.2430902391006213,2.108509,5.69083
-0.04015795064434341,1,1,-1,2.552952488986781,2.297699135642104,2.1370769,2.165604
-1.4307751021180481,1,0,-1,1.1602892790534747,5.59830933227024,26.009672,1.1832161
0.12810441491078928,1,0,-1,1.7619338141877359,2.113511235839499,1.9995271,1.9443328
-0.6810516574748808,1,0,-1,1.339238575199659,3.324808173418075,3.4399948,1.4561745
0.8406435489887243,0,1,1,1.6436220854325962,1.5823376016243986,1.5376499,1.6589144
-0.6526239793023911,1,0,-1,1.3490207233548284,3.265455445576334,3.4399948,1.4765441
-0.4461834332147797,0,0,-1,1.4290493064473397,2.877552772125571,7.789879,1.6001819
-1.889540730945531,0,0,-1,1.1013129810876732,7.979971083617362,5.850534,1.1259742
-0.4523063192490767,0,0,1,1.9490381136711918,2.8880403286188785,7.789879,1.5967721
-2.4238793266289567,1,0,-1,1.0593751597188683,12.349258075269958,6.6323166,1.0814329
-1.5839028234857233,1,0,1,1.3060818211215701,6.285645002607668,13.905842,1.1616825
0.7604146561442974,1,0,-1,2.4339238766490507,1.6264303185119116,1.8379242,2.3811054
0.7858001586508322,1,0,-1,2.4707907166424645,1.6121292257368447,1.8379242,2.4229252
0.42545756178496474,1,0,-1,2.025784372888915,1.8495955497812555,2.5815601,2.102444
-0.966976143129213,1,1,-1,4.923468731963282,4.015463706433653,5.0722413,4.4016476
-0.047711356141979855,0,0,1,2.422319008119666,2.306647129716894,2.1370769,1.8542364
-0.003602539090568403,0,1,-1,2.4972087467314785,2.2552528038639705,1.9803128,2.1415548
-1.1583646891925423,0,0,-1,1.2104799901195549,4.588975777669564,11.020867,1.2400898
1.5033983017671506,0,1,-1,1.1490612025853713,1.318657806289056,2.0293522,1.3024114
0.8773622905756714,0,1,-1,1.278771650135683,1.5632062784769092,1.3099895,1.6310881
-0.22096417382966393,0,1,-1,1.8360759454612352,2.529711131712938,1.7010727,2.3498464
0.02688583899453078,0,1,1,2.4522501207037126,2.22091500717932,2.3544383,2.1218772
0.20838280794755248,1,1,1,2.2112067686301287,2.0350876120276142,1.4456024,2.0137649
-2.0417348684242906,0,0,1,1.1936438041893447,9.016495967405037,18.334612,1.111253
-0.24717738252059693,0,0,1,2.165118288992792,2.5666287866945945,2.754075,1.7228928
-0.6819842479977986,0,0,-1,1.3389223519957203,3.3267814057881737,3.4399948,1.4555212
-1.0016200098949155,1,0,-1,1.246197797833786,4.112014999403996,5.3195477,1.2814298
-0.2811002928859549,0,0,1,2.126256957063293,2.615730163823044,2.0990205,1.7003288
1.7976865268495226,0,0,-1,5.045829214273278,1.243810900657456,1.350512,5.672929
0.6408428612670098,1,0,-1,2.2723210886751293,1.6984170608184719,2.464003,2.231046
-0.5711789897827968,0,1,-1,2.1867031377503086,3.103667598000993,2.9081216,2.8735337
0.5725827813561586,0,0,-1,2.188370191439363,1.7431628161228367,2.1152725,2.1887436
